gisaid_name,Accession ID
hCoV-19/Hong Kong/VM20027143-1/2020,EPI_ISL_1914501
hCoV-19/Hong Kong/VM20027699/2020,EPI_ISL_1914502
hCoV-19/Hong Kong/VM20028080/2020,EPI_ISL_1749650
hCoV-19/Hong Kong/VM20029491/2020,EPI_ISL_1914488
hCoV-19/Hong Kong/VM20029490-1/2020,EPI_ISL_2142845
hCoV-19/Hong Kong/VM20030059/2020,EPI_ISL_1914555
hCoV-19/Hong Kong/VM20030143/2020,EPI_ISL_1761447
hCoV-19/Hong Kong/VM20030363/2020,EPI_ISL_1914521
hCoV-19/Hong Kong/VM20030364/2020,EPI_ISL_1914504
hCoV-19/Hong Kong/VM20030473/2020,EPI_ISL_1914480
hCoV-19/Hong Kong/VM20030475/2020,EPI_ISL_1793822
hCoV-19/Hong Kong/VM20030724/2020,EPI_ISL_1914558
hCoV-19/Hong Kong/VM20030723-1/2020,EPI_ISL_1718271
hCoV-19/Hong Kong/VM20031164/2020,EPI_ISL_1819169
hCoV-19/Hong Kong/WHP1765/2020,EPI_ISL_1828746
hCoV-19/Hong Kong/VM20031429/2020,EPI_ISL_1914547
hCoV-19/Hong Kong/VM20031430/2020,EPI_ISL_1914562
hCoV-19/Hong Kong/VM20032529/2020,EPI_ISL_1914506
hCoV-19/Hong Kong/VM20033948/2020,EPI_ISL_1914518
hCoV-19/Hong Kong/VM20035559/2020,EPI_ISL_1731057
hCoV-19/Hong Kong/VM20035554/2020,EPI_ISL_2696928
hCoV-19/Hong Kong/VM20037366/2020,EPI_ISL_2365383
hCoV-19/Hong Kong/VM20037372-1/2020,EPI_ISL_1897313
hCoV-19/Hong Kong/VM20037354/2020,EPI_ISL_1914500
hCoV-19/Hong Kong/VM20037348-1/2020,EPI_ISL_2621812
hCoV-19/Hong Kong/VM20037362/2020,EPI_ISL_1897342
hCoV-19/Hong Kong/VM20037365/2020,EPI_ISL_1761413
hCoV-19/Hong Kong/VM20038445/2020,EPI_ISL_2696926
hCoV-19/Hong Kong/VM20037428/2020,EPI_ISL_2696935
hCoV-19/Hong Kong/VM20038455/2020,EPI_ISL_2696903
hCoV-19/Hong Kong/VM20038452/2020,EPI_ISL_2180792
hCoV-19/Hong Kong/VM20038447/2020,EPI_ISL_2631512
hCoV-19/Hong Kong/VM20038466-1/2020,EPI_ISL_2131588
hCoV-19/Hong Kong/VM20039122/2020,EPI_ISL_1819137
hCoV-19/Hong Kong/VM20038882/2020,EPI_ISL_1914456
hCoV-19/Hong Kong/VM20038881/2020,EPI_ISL_1819153
hCoV-19/Hong Kong/VM20038883/2020,EPI_ISL_2142846
hCoV-19/Hong Kong/VM20039123/2020,EPI_ISL_2541351
hCoV-19/Hong Kong/VM20039120/2020,EPI_ISL_2671802
hCoV-19/Hong Kong/VM20039121/2020,EPI_ISL_2671812
hCoV-19/Hong Kong/VM20040257-1/2020,EPI_ISL_1897302
hCoV-19/Hong Kong/VM20040239/2020,EPI_ISL_2477048
hCoV-19/Hong Kong/VM20040255/2020,EPI_ISL_1819173
hCoV-19/Hong Kong/VM20040254-1/2020,EPI_ISL_2644643
hCoV-19/Hong Kong/VM20040247-1/2020,EPI_ISL_2685925
hCoV-19/Hong Kong/VM20040240/2020,EPI_ISL_1914466
hCoV-19/Hong Kong/VM20040252/2020,EPI_ISL_1930620
hCoV-19/Hong Kong/VM20040263-1/2020,EPI_ISL_2604917
hCoV-19/Hong Kong/VM20040262-1/2020,EPI_ISL_2696938
hCoV-19/Hong Kong/VM20040266-1/2020,EPI_ISL_1819142
hCoV-19/Hong Kong/VM200-44231/2020,EPI_ISL_1914575
hCoV-19/Hong Kong/VM200-40432/2020,EPI_ISL_2604951
hCoV-19/Hong Kong/VM200-37670/2020,EPI_ISL_2131589
hCoV-19/Hong Kong/VM200-41338/2020,EPI_ISL_2644635
hCoV-19/Hong Kong/VM200-41339/2020,EPI_ISL_1930626
hCoV-19/Hong Kong/VM200-41340/2020,EPI_ISL_1914454
hCoV-19/Hong Kong/VM200-41341/2020,EPI_ISL_2644621
hCoV-19/Hong Kong/VM200-44241/2020,EPI_ISL_2685905
hCoV-19/Hong Kong/VM200-44232/2020,EPI_ISL_2671797
hCoV-19/Hong Kong/VM200-44233/2020,EPI_ISL_1914442
hCoV-19/Hong Kong/VM200-44240/2020,EPI_ISL_1930607
hCoV-19/Hong Kong/VM200-44238/2020,EPI_ISL_2631539
hCoV-19/Hong Kong/VM20044258/2020,EPI_ISL_1811332
hCoV-19/Hong Kong/VM200-44243/2020,EPI_ISL_1811350
hCoV-19/Hong Kong/VM200-44245/2020,EPI_ISL_1761449
hCoV-19/Hong Kong/VM20044261/2020,EPI_ISL_2541428
hCoV-19/Hong Kong/VM200-44375/2020,EPI_ISL_1828776
hCoV-19/Hong Kong/VM200-44362/2020,EPI_ISL_2625969
hCoV-19/Hong Kong/VM200-45381/2020,EPI_ISL_2621783
hCoV-19/Hong Kong/VM200-45386/2020,EPI_ISL_2671829
hCoV-19/Hong Kong/VM200-45404/2020,EPI_ISL_1914443
hCoV-19/Hong Kong/VM200-45405/2020,EPI_ISL_2685931
hCoV-19/Hong Kong/VM200-45411/2020,EPI_ISL_1828758
hCoV-19/Hong Kong/VM20045410/2020,EPI_ISL_1930658
hCoV-19/Hong Kong/VM200-45407/2020,EPI_ISL_2651182
hCoV-19/Hong Kong/VM20045389/2020,EPI_ISL_2604915
hCoV-19/Hong Kong/VM20045408/2020,EPI_ISL_1793823
hCoV-19/Hong Kong/VM20045385/2020,EPI_ISL_1793796
hCoV-19/Hong Kong/VM20045384/2020,EPI_ISL_2681020
hCoV-19/Hong Kong/VM20055062/2020,EPI_ISL_2226492
hCoV-19/Hong Kong/VM20054020/2020,EPI_ISL_1828749
hCoV-19/Hong Kong/VM20054017/2020,EPI_ISL_2180823
hCoV-19/Hong Kong/VM20054019/2020,EPI_ISL_2541363
hCoV-19/Hong Kong/VM20054018/2020,EPI_ISL_1811339
hCoV-19/Hong Kong/VM20055056/2020,EPI_ISL_2671831
hCoV-19/Hong Kong/VM20055038/2020,EPI_ISL_2180798
hCoV-19/Hong Kong/VM20055064/2020,EPI_ISL_1811318
hCoV-19/Hong Kong/VM20058498/2020,EPI_ISL_2598304
hCoV-19/Hong Kong/VM200-55050/2020,EPI_ISL_1930666
hCoV-19/Hong Kong/VM200-55084/2020,EPI_ISL_2651187
hCoV-19/Hong Kong/VM200-55055/2020,EPI_ISL_2438575
hCoV-19/Hong Kong/VM200-55070/2020,EPI_ISL_1819107
hCoV-19/Hong Kong/VM200-55041/2020,EPI_ISL_2696924
hCoV-19/Hong Kong/VM200-58494/2020,EPI_ISL_2142857
hCoV-19/Hong Kong/VM200-55766/2020,EPI_ISL_2180796
hCoV-19/Hong Kong/VM200-55073/2020,EPI_ISL_2621821
hCoV-19/Hong Kong/VM200-55080/2020,EPI_ISL_2631521
hCoV-19/Hong Kong/VM200-55075/2020,EPI_ISL_1819163
hCoV-19/Hong Kong/VM200-58490/2020,EPI_ISL_1914486
hCoV-19/Hong Kong/VM200-55771/2020,EPI_ISL_1718278
hCoV-19/Hong Kong/VM200-55775/2020,EPI_ISL_2631536
hCoV-19/Hong Kong/VM20055770/2020,EPI_ISL_1793793
hCoV-19/Hong Kong/VM20056300/2020,EPI_ISL_1819119
hCoV-19/Hong Kong/VM20056364/2020,EPI_ISL_1819118
hCoV-19/Hong Kong/VM20046154/2020,EPI_ISL_1749665
hCoV-19/Hong Kong/VM200-46481/2020,EPI_ISL_1793828
hCoV-19/Hong Kong/VM20047067/2020,EPI_ISL_2365378
hCoV-19/Hong Kong/VM20058505/2020,EPI_ISL_2438556
hCoV-19/Hong Kong/VM20058506/2020,EPI_ISL_1828771
hCoV-19/Hong Kong/VM20058484/2020,EPI_ISL_2644631
hCoV-19/Hong Kong/VM20058483/2020,EPI_ISL_2450190
hCoV-19/Hong Kong/VM20058482/2020,EPI_ISL_2180793
hCoV-19/Hong Kong/VM20052408/2020,EPI_ISL_1819145
hCoV-19/Hong Kong/VM20052412/2020,EPI_ISL_2604949
hCoV-19/Hong Kong/VM20058476/2020,EPI_ISL_2438584
hCoV-19/Hong Kong/VM20058477/2020,EPI_ISL_1749664
hCoV-19/Hong Kong/VM20058481/2020,EPI_ISL_2598313
hCoV-19/Hong Kong/VM20058485/2020,EPI_ISL_2142844
hCoV-19/Hong Kong/VM20055081/2020,EPI_ISL_1819104
hCoV-19/Hong Kong/VM20059294/2020,EPI_ISL_2685924
hCoV-19/Hong Kong/VM20059297/2020,EPI_ISL_2438568
hCoV-19/Hong Kong/VM20059303/2020,EPI_ISL_1731056
hCoV-19/Hong Kong/VM20059302/2020,EPI_ISL_1761406
hCoV-19/Hong Kong/VM20059295/2020,EPI_ISL_2671800
hCoV-19/Hong Kong/VM20059293/2020,EPI_ISL_1731051
hCoV-19/Hong Kong/VM20059291/2020,EPI_ISL_2477081
hCoV-19/Hong Kong/VM20059290/2020,EPI_ISL_2142871
hCoV-19/Hong Kong/VM20060420/2020,EPI_ISL_2621810
hCoV-19/Hong Kong/VM20060423/2020,EPI_ISL_2131580
hCoV-19/Hong Kong/VM20060424/2020,EPI_ISL_2142838
hCoV-19/Hong Kong/VM20060426/2020,EPI_ISL_1897340
hCoV-19/Hong Kong/VM20060429/2020,EPI_ISL_2631517
hCoV-19/Hong Kong/VM20060430/2020,EPI_ISL_2612435
hCoV-19/Hong Kong/VM20063237/2020,EPI_ISL_2142872
hCoV-19/Hong Kong/VM20060437/2020,EPI_ISL_2625933
hCoV-19/Hong Kong/VM20060455/2020,EPI_ISL_2644630
hCoV-19/Hong Kong/VM20060462/2020,EPI_ISL_2226462
hCoV-19/Hong Kong/VM20060456/2020,EPI_ISL_1828731
hCoV-19/Hong Kong/VM20060434/2020,EPI_ISL_1914432
hCoV-19/Hong Kong/VM20060431/2020,EPI_ISL_2681035
hCoV-19/Hong Kong/VM20060436/2020,EPI_ISL_1930633
hCoV-19/Hong Kong/VM20060463/2020,EPI_ISL_1828735
hCoV-19/Hong Kong/VM20060454/2020,EPI_ISL_2696931
hCoV-19/Hong Kong/VM20060460/2020,EPI_ISL_1828745
hCoV-19/Hong Kong/VM20060453/2020,EPI_ISL_2438549
hCoV-19/Hong Kong/VM20060452/2020,EPI_ISL_2438573
hCoV-19/Hong Kong/VM20061570/2020,EPI_ISL_1828750
hCoV-19/Hong Kong/VM20061554/2020,EPI_ISL_2621802
hCoV-19/Hong Kong/VM20061552/2020,EPI_ISL_2612426
hCoV-19/Hong Kong/VM20061578/2020,EPI_ISL_2671793
hCoV-19/Hong Kong/VM20055954/2020,EPI_ISL_2696898
hCoV-19/Hong Kong/VM20063225/2020,EPI_ISL_1897334
hCoV-19/Hong Kong/VM20063279/2020,EPI_ISL_2671794
hCoV-19/Hong Kong/VM20063274/2020,EPI_ISL_2604955
hCoV-19/Hong Kong/VM20063288/2020,EPI_ISL_2438587
hCoV-19/Hong Kong/VM20063214/2020,EPI_ISL_2696916
hCoV-19/Hong Kong/VM20063213/2020,EPI_ISL_1761418
hCoV-19/Hong Kong/VM20063246/2020,EPI_ISL_2477053
hCoV-19/Hong Kong/VM20063222/2020,EPI_ISL_2621786
hCoV-19/Hong Kong/VM20063278/2020,EPI_ISL_2685926
hCoV-19/Hong Kong/VM20063201/2020,EPI_ISL_2604919
hCoV-19/Hong Kong/VM20063216/2020,EPI_ISL_2142834
hCoV-19/Hong Kong/VM20063203/2020,EPI_ISL_2180817
hCoV-19/Hong Kong/VM20063205/2020,EPI_ISL_2477060
hCoV-19/Hong Kong/VM20063211/2020,EPI_ISL_2365385
hCoV-19/Hong Kong/VM20063264-1/2020,EPI_ISL_1930648
hCoV-19/Hong Kong/VM20063224/2020,EPI_ISL_1914513
hCoV-19/Hong Kong/VM20063234/2020,EPI_ISL_1749627
hCoV-19/Hong Kong/VM20063233/2020,EPI_ISL_2612410
hCoV-19/Hong Kong/VM20063236/2020,EPI_ISL_2598301
hCoV-19/Hong Kong/VM20063235/2020,EPI_ISL_2477024
hCoV-19/Hong Kong/VM20063284/2020,EPI_ISL_1930627
hCoV-19/Hong Kong/VM20063266/2020,EPI_ISL_2450186
hCoV-19/Hong Kong/VM20063270/2020,EPI_ISL_2651167
hCoV-19/Hong Kong/VM20054299/2020,EPI_ISL_1793815
hCoV-19/Hong Kong/VM20064395/2020,EPI_ISL_1749640
hCoV-19/Hong Kong/VM20064394/2020,EPI_ISL_1828733
hCoV-19/Hong Kong/VM20064403/2020,EPI_ISL_2365389
hCoV-19/Hong Kong/VM20064410/2020,EPI_ISL_2604939
hCoV-19/Hong Kong/VM20058850/2020,EPI_ISL_2612454
hCoV-19/Hong Kong/VM20066545/2020,EPI_ISL_1914469
hCoV-19/Hong Kong/VM20066557/2020,EPI_ISL_2612450
hCoV-19/Hong Kong/VM20066535/2020,EPI_ISL_2612451
hCoV-19/Hong Kong/VM20066527/2020,EPI_ISL_2477047
hCoV-19/Hong Kong/VM20066522/2020,EPI_ISL_1718268
hCoV-19/Hong Kong/VM20066524-1/2020,EPI_ISL_2541458
hCoV-19/Hong Kong/VM20066551/2020,EPI_ISL_1718249
hCoV-19/Hong Kong/VM20066532/2020,EPI_ISL_1793818
hCoV-19/Hong Kong/VM20066534/2020,EPI_ISL_2450178
hCoV-19/Hong Kong/VM20066521/2020,EPI_ISL_2598310
hCoV-19/Hong Kong/VM20066530/2020,EPI_ISL_2180790
hCoV-19/Hong Kong/VM20058924/2020,EPI_ISL_2131593
hCoV-19/Hong Kong/VM20066526/2020,EPI_ISL_1761415
hCoV-19/Hong Kong/VM20066520/2020,EPI_ISL_2450197
hCoV-19/Hong Kong/VM20066525/2020,EPI_ISL_1819122
hCoV-19/Hong Kong/VM20066529/2020,EPI_ISL_1819108
hCoV-19/Hong Kong/VM20059031/2020,EPI_ISL_2612434
hCoV-19/Hong Kong/VM20059182/2020,EPI_ISL_1811367
hCoV-19/Hong Kong/VM20059272/2020,EPI_ISL_1761442
hCoV-19/Hong Kong/VM20059277/2020,EPI_ISL_1793826
hCoV-19/Hong Kong/VM20060760/2020,EPI_ISL_2644616
hCoV-19/Hong Kong/VM20060595/2020,EPI_ISL_2651164
hCoV-19/Hong Kong/VM20066567/2020,EPI_ISL_2631525
hCoV-19/Hong Kong/VM20066585/2020,EPI_ISL_2598303
hCoV-19/Hong Kong/VM20066584/2020,EPI_ISL_2477074
hCoV-19/Hong Kong/VM20066575/2020,EPI_ISL_1793801
hCoV-19/Hong Kong/VM20066564/2020,EPI_ISL_2680997
hCoV-19/Hong Kong/VM20066568-1/2020,EPI_ISL_1761411
hCoV-19/Hong Kong/VM20066561/2020,EPI_ISL_2365394
hCoV-19/Hong Kong/VM20066570/2020,EPI_ISL_2696933
hCoV-19/Hong Kong/VM20066577/2020,EPI_ISL_2631537
hCoV-19/Hong Kong/VM20066574/2020,EPI_ISL_1718273
hCoV-19/Hong Kong/VM20066586/2020,EPI_ISL_1718255
hCoV-19/Hong Kong/VM20066583/2020,EPI_ISL_2685917
hCoV-19/Hong Kong/VM20066580/2020,EPI_ISL_2625957
hCoV-19/Hong Kong/VM20066572/2020,EPI_ISL_2142840
hCoV-19/Hong Kong/VM20066573/2020,EPI_ISL_2226472
hCoV-19/Hong Kong/VM20067655/2020,EPI_ISL_2681014
hCoV-19/Hong Kong/VM20067651/2020,EPI_ISL_1793824
hCoV-19/Hong Kong/VM20067650/2020,EPI_ISL_1819113
hCoV-19/Hong Kong/VM20059663/2020,EPI_ISL_2438593
hCoV-19/Hong Kong/VM20060252/2020,EPI_ISL_2621800
hCoV-19/Hong Kong/VM20060585/2020,EPI_ISL_2598333
hCoV-19/Hong Kong/VM20066634/2020,EPI_ISL_2541473
hCoV-19/Hong Kong/VM20061335/2020,EPI_ISL_2625963
hCoV-19/Hong Kong/VM20067652/2020,EPI_ISL_1914428
hCoV-19/Hong Kong/VM20067653/2020,EPI_ISL_2438595
hCoV-19/Hong Kong/VM20067654/2020,EPI_ISL_2621814
hCoV-19/Hong Kong/VM20067657/2020,EPI_ISL_2671811
hCoV-19/Hong Kong/VM20061367/2020,EPI_ISL_2438552
hCoV-19/Hong Kong/VM20069057/2020,EPI_ISL_2365368
hCoV-19/Hong Kong/VM20069056/2020,EPI_ISL_2450203
hCoV-19/Hong Kong/VM20069055/2020,EPI_ISL_2681025
hCoV-19/Hong Kong/VM20069046/2020,EPI_ISL_2696907
hCoV-19/Hong Kong/VM20069005/2020,EPI_ISL_2604941
hCoV-19/Hong Kong/VM20069010/2020,EPI_ISL_2541417
hCoV-19/Hong Kong/VM20069032/2020,EPI_ISL_2685942
hCoV-19/Hong Kong/VM20069011/2020,EPI_ISL_2180825
hCoV-19/Hong Kong/VM20070129/2020,EPI_ISL_1930644
hCoV-19/Hong Kong/VM20069007/2020,EPI_ISL_2612445
hCoV-19/Hong Kong/VM20069015/2020,EPI_ISL_2625940
hCoV-19/Hong Kong/VM20069049/2020,EPI_ISL_2644642
hCoV-19/Hong Kong/VM20069020/2020,EPI_ISL_2681019
hCoV-19/Hong Kong/VM20069052/2020,EPI_ISL_2477031
hCoV-19/Hong Kong/VM20069025/2020,EPI_ISL_2612424
hCoV-19/Hong Kong/VM20069024/2020,EPI_ISL_2226461
hCoV-19/Hong Kong/VM20070124/2020,EPI_ISL_1819161
hCoV-19/Hong Kong/VM20069000/2020,EPI_ISL_1793799
hCoV-19/Hong Kong/VM20069029/2020,EPI_ISL_2621789
hCoV-19/Hong Kong/VM20069031/2020,EPI_ISL_2142869
hCoV-19/Hong Kong/VM20076983/2020,EPI_ISL_1897343
hCoV-19/Hong Kong/VB20137798/2020,EPI_ISL_2612421
hCoV-19/Hong Kong/VM20071314/2020,EPI_ISL_1819154
hCoV-19/Hong Kong/VM20071316/2020,EPI_ISL_2226474
hCoV-19/Hong Kong/VM20072487/2020,EPI_ISL_2696937
hCoV-19/Hong Kong/VM20072488/2020,EPI_ISL_1749667
hCoV-19/Hong Kong/VM20072460/2020,EPI_ISL_2651199
hCoV-19/Hong Kong/VM20072484/2020,EPI_ISL_1914447
hCoV-19/Hong Kong/VM20072441/2020,EPI_ISL_2696925
hCoV-19/Hong Kong/VM20072422/2020,EPI_ISL_2541379
hCoV-19/Hong Kong/VM20072424/2020,EPI_ISL_1811324
hCoV-19/Hong Kong/VM20080374/2020,EPI_ISL_1897344
hCoV-19/Hong Kong/VM20072426/2020,EPI_ISL_2631513
hCoV-19/Hong Kong/VM20072442/2020,EPI_ISL_2131583
hCoV-19/Hong Kong/VM20072473/2020,EPI_ISL_2477080
hCoV-19/Hong Kong/VM20072456/2020,EPI_ISL_2365404
hCoV-19/Hong Kong/VM20072434/2020,EPI_ISL_2644614
hCoV-19/Hong Kong/VM20072457/2020,EPI_ISL_2142837
hCoV-19/Hong Kong/VM20072467/2020,EPI_ISL_2681032
hCoV-19/Hong Kong/VM20072421/2020,EPI_ISL_2621795
hCoV-19/Hong Kong/VM20072433/2020,EPI_ISL_2438548
hCoV-19/Hong Kong/VM20072438/2020,EPI_ISL_1897331
hCoV-19/Hong Kong/VM20072437/2020,EPI_ISL_2226493
hCoV-19/Hong Kong/VM20072512/2020,EPI_ISL_2180820
hCoV-19/Hong Kong/VM20072458/2020,EPI_ISL_1819125
hCoV-19/Hong Kong/VM20072425/2020,EPI_ISL_2180787
hCoV-19/Hong Kong/VM20072455/2020,EPI_ISL_2651186
hCoV-19/Hong Kong/VM20072480/2020,EPI_ISL_2696897
hCoV-19/Hong Kong/VM20072479/2020,EPI_ISL_1897323
hCoV-19/Hong Kong/VM20072478/2020,EPI_ISL_2541352
hCoV-19/Hong Kong/VM20072485/2020,EPI_ISL_1914460
hCoV-19/Hong Kong/VM20074715/2020,EPI_ISL_2685922
hCoV-19/Hong Kong/VM20074712/2020,EPI_ISL_1828734
hCoV-19/Hong Kong/VM20074713/2020,EPI_ISL_2644627
hCoV-19/Hong Kong/VM20074714/2020,EPI_ISL_2644611
hCoV-19/Hong Kong/VM20074699/2020,EPI_ISL_2680989
hCoV-19/Hong Kong/VM20074700/2020,EPI_ISL_2651174
hCoV-19/Hong Kong/VM20074698/2020,EPI_ISL_2685944
hCoV-19/Hong Kong/VM20074704/2020,EPI_ISL_2685943
hCoV-19/Hong Kong/VM20076986/2020,EPI_ISL_2621809
hCoV-19/Hong Kong/VM20076985/2020,EPI_ISL_2226456
hCoV-19/Hong Kong/VM20077008/2020,EPI_ISL_2612428
hCoV-19/Hong Kong/VM20077041/2020,EPI_ISL_2644622
hCoV-19/Hong Kong/VM20072466/2020,EPI_ISL_2644647
hCoV-19/Hong Kong/VM20077023/2020,EPI_ISL_2680988
hCoV-19/Hong Kong/VM20076982/2020,EPI_ISL_1793803
hCoV-19/Hong Kong/VM20076966/2020,EPI_ISL_1811364
hCoV-19/Hong Kong/VM20076942/2020,EPI_ISL_2681000
hCoV-19/Hong Kong/VM20076996/2020,EPI_ISL_1793810
hCoV-19/Hong Kong/VM20077045/2020,EPI_ISL_1819087
hCoV-19/Hong Kong/VM20077025/2020,EPI_ISL_2651171
hCoV-19/Hong Kong/VM20077026/2020,EPI_ISL_1811325
hCoV-19/Hong Kong/VM20076957/2020,EPI_ISL_2541403
hCoV-19/Hong Kong/VM20076976/2020,EPI_ISL_1819115
hCoV-19/Hong Kong/VM20076938/2020,EPI_ISL_2226473
hCoV-19/Hong Kong/VM20076937/2020,EPI_ISL_2644632
hCoV-19/Hong Kong/VM20076988/2020,EPI_ISL_1749673
hCoV-19/Hong Kong/VM20076939/2020,EPI_ISL_2621816
hCoV-19/Hong Kong/VM20077000/2020,EPI_ISL_2142877
hCoV-19/Hong Kong/VM20076944/2020,EPI_ISL_2541412
hCoV-19/Hong Kong/VM20077016/2020,EPI_ISL_2631499
hCoV-19/Hong Kong/VM20077014/2020,EPI_ISL_2541468
hCoV-19/Hong Kong/VM20076977/2020,EPI_ISL_2680992
hCoV-19/Hong Kong/VM20077020/2020,EPI_ISL_2604916
hCoV-19/Hong Kong/VM20076974/2020,EPI_ISL_2612414
hCoV-19/Hong Kong/VM20076975/2020,EPI_ISL_2598315
hCoV-19/Hong Kong/VM20070944/2020,EPI_ISL_1819138
hCoV-19/Hong Kong/VM20077029/2020,EPI_ISL_1793816
hCoV-19/Hong Kong/VM20077032/2020,EPI_ISL_2438581
hCoV-19/Hong Kong/VM20077035/2020,EPI_ISL_2621826
hCoV-19/Hong Kong/VM20077028/2020,EPI_ISL_2625964
hCoV-19/Hong Kong/VM20077010/2020,EPI_ISL_2696896
hCoV-19/Hong Kong/VM20077046/2020,EPI_ISL_2142839
hCoV-19/Hong Kong/VM20077040/2020,EPI_ISL_1749653
hCoV-19/Hong Kong/VM20077042/2020,EPI_ISL_2685921
hCoV-19/Hong Kong/VM20076981/2020,EPI_ISL_1761419
hCoV-19/Hong Kong/VM20080418/2020,EPI_ISL_2438578
hCoV-19/Hong Kong/VM20080393/2020,EPI_ISL_2598319
hCoV-19/Hong Kong/VM20080391/2020,EPI_ISL_1897314
hCoV-19/Hong Kong/VM20080414/2020,EPI_ISL_1819092
hCoV-19/Hong Kong/VM20080395/2020,EPI_ISL_1897349
hCoV-19/Hong Kong/VM20080401/2020,EPI_ISL_2180756
hCoV-19/Hong Kong/VM20080359/2020,EPI_ISL_2477020
hCoV-19/Hong Kong/VM20080357/2020,EPI_ISL_2696939
hCoV-19/Hong Kong/VM20080369/2020,EPI_ISL_2131591
hCoV-19/Hong Kong/VM20080411/2020,EPI_ISL_1761446
hCoV-19/Hong Kong/VM20080409/2020,EPI_ISL_2696913
hCoV-19/Hong Kong/VM20080402/2020,EPI_ISL_1914441
hCoV-19/Hong Kong/VM20080388/2020,EPI_ISL_2438580
hCoV-19/Hong Kong/VM20080417/2020,EPI_ISL_1914545
hCoV-19/Hong Kong/VM20080360/2020,EPI_ISL_2142867
hCoV-19/Hong Kong/VM20080362/2020,EPI_ISL_1819171
hCoV-19/Hong Kong/VM20080361/2020,EPI_ISL_2644651
hCoV-19/Hong Kong/VM20080344/2020,EPI_ISL_2604953
hCoV-19/Hong Kong/VM20080355/2020,EPI_ISL_1761414
hCoV-19/Hong Kong/VM20080346/2020,EPI_ISL_1761427
hCoV-19/Hong Kong/VM20080410/2020,EPI_ISL_2631542
hCoV-19/Hong Kong/VM20080338/2020,EPI_ISL_2598298
hCoV-19/Hong Kong/VM20080364/2020,EPI_ISL_2598316
hCoV-19/Hong Kong/VM20080422/2020,EPI_ISL_1718257
hCoV-19/Hong Kong/VM20080425/2020,EPI_ISL_2450189
hCoV-19/Hong Kong/VM20084827/2020,EPI_ISL_1811329
hCoV-19/Hong Kong/VM20080434/2020,EPI_ISL_2681016
hCoV-19/Hong Kong/VM20080430/2020,EPI_ISL_2541456
hCoV-19/Hong Kong/VM20080437/2020,EPI_ISL_2131617
hCoV-19/Hong Kong/VM20080436/2020,EPI_ISL_2541348
hCoV-19/Hong Kong/VM20070757/2020,EPI_ISL_2651163
hCoV-19/Hong Kong/VM20070833/2020,EPI_ISL_2604945
hCoV-19/Hong Kong/VM20071668/2020,EPI_ISL_2685915
hCoV-19/Hong Kong/VM20071745/2020,EPI_ISL_2365392
hCoV-19/Hong Kong/VM20082690/2020,EPI_ISL_1914505
hCoV-19/Hong Kong/VM20082660/2020,EPI_ISL_1819109
hCoV-19/Hong Kong/VM20082655/2020,EPI_ISL_1828760
hCoV-19/Hong Kong/VM20082666/2020,EPI_ISL_2477083
hCoV-19/Hong Kong/VM20082670/2020,EPI_ISL_2631519
hCoV-19/Hong Kong/VM20082686/2020,EPI_ISL_2604934
hCoV-19/Hong Kong/VM20082642/2020,EPI_ISL_2685912
hCoV-19/Hong Kong/VM20082633/2020,EPI_ISL_2131602
hCoV-19/Hong Kong/VM20082689/2020,EPI_ISL_2131584
hCoV-19/Hong Kong/VM20082664/2020,EPI_ISL_2612448
hCoV-19/Hong Kong/VM20082677/2020,EPI_ISL_2621825
hCoV-19/Hong Kong/VM20082680/2020,EPI_ISL_1731055
hCoV-19/Hong Kong/VM20082703/2020,EPI_ISL_1718259
hCoV-19/Hong Kong/VM20082697/2020,EPI_ISL_1749651
hCoV-19/Hong Kong/VM20082698/2020,EPI_ISL_2131578
hCoV-19/Hong Kong/VM20082701/2020,EPI_ISL_2671823
hCoV-19/Hong Kong/VX20007220/2020,EPI_ISL_1819124
hCoV-19/Hong Kong/VM20076700/2020,EPI_ISL_2625959
hCoV-19/Hong Kong/VM20083458/2020,EPI_ISL_1930623
hCoV-19/Hong Kong/VM20083446/2020,EPI_ISL_2644612
hCoV-19/Hong Kong/VM20083461/2020,EPI_ISL_1749638
hCoV-19/Hong Kong/VM20083451/2020,EPI_ISL_2604918
hCoV-19/Hong Kong/VM20083466/2020,EPI_ISL_2142842
hCoV-19/Hong Kong/VM20083471/2020,EPI_ISL_2477064
hCoV-19/Hong Kong/VM20083453/2020,EPI_ISL_1761422
hCoV-19/Hong Kong/VM20083573/2020,EPI_ISL_1793794
hCoV-19/Hong Kong/VM20082262/2020,EPI_ISL_2621794
hCoV-19/Hong Kong/VM20083574/2020,EPI_ISL_2226485
hCoV-19/Hong Kong/VM20083452/2020,EPI_ISL_2226479
hCoV-19/Hong Kong/VM20083480/2020,EPI_ISL_2604936
hCoV-19/Hong Kong/VM20083472/2020,EPI_ISL_2438564
hCoV-19/Hong Kong/VM20083504/2020,EPI_ISL_2644633
hCoV-19/Hong Kong/VM20083468/2020,EPI_ISL_2651162
hCoV-19/Hong Kong/VM20083462/2020,EPI_ISL_2681004
hCoV-19/Hong Kong/VM20083508/2020,EPI_ISL_2681015
hCoV-19/Hong Kong/VM20083509/2020,EPI_ISL_2685932
hCoV-19/Hong Kong/VM20083495/2020,EPI_ISL_1761400
hCoV-19/Hong Kong/VM20083475/2020,EPI_ISL_2477032
hCoV-19/Hong Kong/VM20083519/2020,EPI_ISL_1731054
hCoV-19/Hong Kong/VM20083476/2020,EPI_ISL_1811351
hCoV-19/Hong Kong/VM20083487/2020,EPI_ISL_2477044
hCoV-19/Hong Kong/VM20092591/2020,EPI_ISL_1819164
hCoV-19/Hong Kong/VM20084794/2020,EPI_ISL_2651195
hCoV-19/Hong Kong/VM20084800/2020,EPI_ISL_1761441
hCoV-19/Hong Kong/VM20085930/2020,EPI_ISL_2226494
hCoV-19/Hong Kong/VM20084793/2020,EPI_ISL_2644626
hCoV-19/Hong Kong/VM20081150/2020,EPI_ISL_1749642
hCoV-19/Hong Kong/VM20081152/2020,EPI_ISL_1819116
hCoV-19/Hong Kong/VM20086960/2020,EPI_ISL_2685911
hCoV-19/Hong Kong/VM20086952/2020,EPI_ISL_2604932
hCoV-19/Hong Kong/VM20086996/2020,EPI_ISL_2612422
hCoV-19/Hong Kong/VM20087013/2020,EPI_ISL_1718280
hCoV-19/Hong Kong/VM20087120/2020,EPI_ISL_2541434
hCoV-19/Hong Kong/WHP1835/2020,EPI_ISL_1828748
hCoV-19/Hong Kong/VM20087003/2020,EPI_ISL_1731059
hCoV-19/Hong Kong/VM20087004/2020,EPI_ISL_2598326
hCoV-19/Hong Kong/VM20087134/2020,EPI_ISL_2598324
hCoV-19/Hong Kong/VM20087008/2020,EPI_ISL_1819155
hCoV-19/Hong Kong/VM20086964/2020,EPI_ISL_2226454
hCoV-19/Hong Kong/VM20086967/2020,EPI_ISL_2180812
hCoV-19/Hong Kong/VM20086962/2020,EPI_ISL_2131612
hCoV-19/Hong Kong/VM20086989/2020,EPI_ISL_2598311
hCoV-19/Hong Kong/VM20086987/2020,EPI_ISL_2625954
hCoV-19/Hong Kong/VM20086992/2020,EPI_ISL_2621797
hCoV-19/Hong Kong/VM20087122/2020,EPI_ISL_2365388
hCoV-19/Hong Kong/VM20088176/2020,EPI_ISL_2226463
hCoV-19/Hong Kong/VM20088172/2020,EPI_ISL_2681003
hCoV-19/Hong Kong/VM20088181/2020,EPI_ISL_2541370
hCoV-19/Hong Kong/VM20088182/2020,EPI_ISL_2226452
hCoV-19/Hong Kong/VM20088167/2020,EPI_ISL_2680987
hCoV-19/Hong Kong/VM20088168/2020,EPI_ISL_2450188
hCoV-19/Hong Kong/VM20089384/2020,EPI_ISL_1749669
hCoV-19/Hong Kong/VM20089375/2020,EPI_ISL_2612447
hCoV-19/Hong Kong/VM20089371/2020,EPI_ISL_2477069
hCoV-19/Hong Kong/VM20089376/2020,EPI_ISL_2477036
hCoV-19/Hong Kong/VM20089367/2020,EPI_ISL_1930663
hCoV-19/Hong Kong/VM20089370/2020,EPI_ISL_2365366
hCoV-19/Hong Kong/VM20089334/2020,EPI_ISL_2226475
hCoV-19/Hong Kong/VM20089321/2020,EPI_ISL_1811333
hCoV-19/Hong Kong/VM20089325/2020,EPI_ISL_2365376
hCoV-19/Hong Kong/VM20089363/2020,EPI_ISL_2671791
hCoV-19/Hong Kong/VM20089352/2020,EPI_ISL_1749660
hCoV-19/Hong Kong/VM20089399/2020,EPI_ISL_1930613
hCoV-19/Hong Kong/VM20089344/2020,EPI_ISL_1749672
hCoV-19/Hong Kong/VM20089366/2020,EPI_ISL_2621793
hCoV-19/Hong Kong/VM20089379/2020,EPI_ISL_2365374
hCoV-19/Hong Kong/VM20089338/2020,EPI_ISL_2477071
hCoV-19/Hong Kong/VM20089335/2020,EPI_ISL_1828767
hCoV-19/Hong Kong/VM20089394/2020,EPI_ISL_2651194
hCoV-19/Hong Kong/VM20089397/2020,EPI_ISL_2450211
hCoV-19/Hong Kong/VM20089340/2020,EPI_ISL_2680994
hCoV-19/Hong Kong/VM20089342/2020,EPI_ISL_2625929
hCoV-19/Hong Kong/VM20089387/2020,EPI_ISL_2625958
hCoV-19/Hong Kong/VM20089388/2020,EPI_ISL_1718251
hCoV-19/Hong Kong/VM20089369/2020,EPI_ISL_2621811
hCoV-19/Hong Kong/VM20089333/2020,EPI_ISL_1930667
hCoV-19/Hong Kong/VM20089409/2020,EPI_ISL_1914440
hCoV-19/Hong Kong/VM20089413/2020,EPI_ISL_1761435
hCoV-19/Hong Kong/VM20089401/2020,EPI_ISL_2477017
hCoV-19/Hong Kong/VM20089402/2020,EPI_ISL_2651180
hCoV-19/Hong Kong/VM20089404/2020,EPI_ISL_1897303
hCoV-19/Hong Kong/VM20091471/2020,EPI_ISL_2477034
hCoV-19/Hong Kong/VM20091435/2020,EPI_ISL_2131596
hCoV-19/Hong Kong/VM20091466/2020,EPI_ISL_1914426
hCoV-19/Hong Kong/VM20091448/2020,EPI_ISL_2612449
hCoV-19/Hong Kong/VM20091419/2020,EPI_ISL_1819097
hCoV-19/Hong Kong/VM20091427/2020,EPI_ISL_1811343
hCoV-19/Hong Kong/VM20091417/2020,EPI_ISL_2671803
hCoV-19/Hong Kong/VM20091450/2020,EPI_ISL_2438557
hCoV-19/Hong Kong/VM20091429/2020,EPI_ISL_2131585
hCoV-19/Hong Kong/VM20091434/2020,EPI_ISL_1828762
hCoV-19/Hong Kong/VM20091431/2020,EPI_ISL_2541415
hCoV-19/Hong Kong/VM20091438/2020,EPI_ISL_2365391
hCoV-19/Hong Kong/VM20091486/2020,EPI_ISL_1819151
hCoV-19/Hong Kong/VM20091494/2020,EPI_ISL_2598344
hCoV-19/Hong Kong/VM20085452/2020,EPI_ISL_2438562
hCoV-19/Hong Kong/VM20091498/2020,EPI_ISL_2681001
hCoV-19/Hong Kong/VM20091476/2020,EPI_ISL_1897337
hCoV-19/Hong Kong/VM20091481/2020,EPI_ISL_2541384
hCoV-19/Hong Kong/VM20091470/2020,EPI_ISL_2651203
hCoV-19/Hong Kong/VM20091490/2020,EPI_ISL_1930608
hCoV-19/Hong Kong/VM20091488/2020,EPI_ISL_2598332
hCoV-19/Hong Kong/VM20092597/2020,EPI_ISL_2131597
hCoV-19/Hong Kong/VM20090553/2020,EPI_ISL_2625968
hCoV-19/Hong Kong/VM20092579/2020,EPI_ISL_1819130
hCoV-19/Hong Kong/VM20092581/2020,EPI_ISL_1819083
hCoV-19/Hong Kong/VM20093304/2020,EPI_ISL_2685929
hCoV-19/Hong Kong/VM20093301/2020,EPI_ISL_2681002
hCoV-19/Hong Kong/VM20093296/2020,EPI_ISL_1828766
hCoV-19/Hong Kong/VM20093298/2020,EPI_ISL_2631504
hCoV-19/Hong Kong/VM20093336/2020,EPI_ISL_2625966
hCoV-19/Hong Kong/VM20093308/2020,EPI_ISL_2541400
hCoV-19/Hong Kong/VM20093309/2020,EPI_ISL_2612433
hCoV-19/Hong Kong/VM20093340/2020,EPI_ISL_2631543
hCoV-19/Hong Kong/VM20093352/2020,EPI_ISL_1819150
hCoV-19/Hong Kong/VM20093357/2020,EPI_ISL_2226483
hCoV-19/Hong Kong/VM20093380/2020,EPI_ISL_2180785
hCoV-19/Hong Kong/VM20093377/2020,EPI_ISL_1914450
hCoV-19/Hong Kong/VM20093382/2020,EPI_ISL_1828759
hCoV-19/Hong Kong/VM20093386/2020,EPI_ISL_2131610
hCoV-19/Hong Kong/VM20093356/2020,EPI_ISL_2696911
hCoV-19/Hong Kong/VM20093366/2020,EPI_ISL_1914470
hCoV-19/Hong Kong/VM20094160/2020,EPI_ISL_1819168
hCoV-19/Hong Kong/VM20093394/2020,EPI_ISL_2685914
hCoV-19/Hong Kong/VM20094977/2020,EPI_ISL_2625960
hCoV-19/Hong Kong/VM20094981/2020,EPI_ISL_2477075
hCoV-19/Hong Kong/VM20094976/2020,EPI_ISL_2142865
hCoV-19/Hong Kong/VM20094965/2020,EPI_ISL_2685933
hCoV-19/Hong Kong/VM20093390/2020,EPI_ISL_1718258
hCoV-19/Hong Kong/VM20094939/2020,EPI_ISL_2671799
hCoV-19/Hong Kong/VM20094957/2020,EPI_ISL_1930651
hCoV-19/Hong Kong/VM20094973/2020,EPI_ISL_2450214
hCoV-19/Hong Kong/VM20094971/2020,EPI_ISL_2644644
hCoV-19/Hong Kong/VM20094959/2020,EPI_ISL_2671792
hCoV-19/Hong Kong/VM20095006/2020,EPI_ISL_2598340
hCoV-19/Hong Kong/VM20094999/2020,EPI_ISL_2685920
hCoV-19/Hong Kong/VM20095002/2020,EPI_ISL_2696919
hCoV-19/Hong Kong/VM20095003/2020,EPI_ISL_1828778
hCoV-19/Hong Kong/VM20095814/2020,EPI_ISL_1811337
hCoV-19/Hong Kong/VM20095822/2020,EPI_ISL_2612416
hCoV-19/Hong Kong/VM20095803/2020,EPI_ISL_2651165
hCoV-19/Hong Kong/VM20095821/2020,EPI_ISL_2631503
hCoV-19/Hong Kong/VM20095817/2020,EPI_ISL_2696923
hCoV-19/Hong Kong/VM20095823/2020,EPI_ISL_2438561
hCoV-19/Hong Kong/VM20095793/2020,EPI_ISL_1749652
hCoV-19/Hong Kong/VM20095826/2020,EPI_ISL_1749637
hCoV-19/Hong Kong/VM20095306/2020,EPI_ISL_2541463
hCoV-19/Hong Kong/VM20096382/2020,EPI_ISL_1897347
hCoV-19/Hong Kong/VM20095838/2020,EPI_ISL_2651175
hCoV-19/Hong Kong/VM20095840/2020,EPI_ISL_2541346
hCoV-19/Hong Kong/VM20096381/2020,EPI_ISL_2142862
hCoV-19/Hong Kong/VM20096808/2020,EPI_ISL_2365405
hCoV-19/Hong Kong/VM20096810/2020,EPI_ISL_2625961
hCoV-19/Hong Kong/VM20097386/2020,EPI_ISL_2625951
hCoV-19/Hong Kong/VM20097389/2020,EPI_ISL_2450209
hCoV-19/Hong Kong/VM20096833/2020,EPI_ISL_2681029
hCoV-19/Hong Kong/VM20096827/2020,EPI_ISL_1828777
hCoV-19/Hong Kong/VM20097384/2020,EPI_ISL_1819158
hCoV-19/Hong Kong/VM20096830/2020,EPI_ISL_2438567
hCoV-19/Hong Kong/VM20096799/2020,EPI_ISL_2541470
hCoV-19/Hong Kong/VM20096792/2020,EPI_ISL_2631507
hCoV-19/Hong Kong/VM20097395/2020,EPI_ISL_2671825
hCoV-19/Hong Kong/VM20097398/2020,EPI_ISL_2131575
hCoV-19/Hong Kong/VM20097399/2020,EPI_ISL_1914474
hCoV-19/Hong Kong/VM20097969/2020,EPI_ISL_2621820
hCoV-19/Hong Kong/VM20097975/2020,EPI_ISL_1914459
hCoV-19/Hong Kong/VM20097976/2020,EPI_ISL_2450198
hCoV-19/Hong Kong/VM20097977/2020,EPI_ISL_2604938
hCoV-19/Hong Kong/VM20097974/2020,EPI_ISL_2631516
hCoV-19/Hong Kong/VM20098567/2020,EPI_ISL_2696922
hCoV-19/Hong Kong/VM20098583/2020,EPI_ISL_1749666
hCoV-19/Hong Kong/VM20098607/2020,EPI_ISL_1819144
hCoV-19/Hong Kong/VM20098565/2020,EPI_ISL_2625946
hCoV-19/Hong Kong/VM20098564/2020,EPI_ISL_2612413
hCoV-19/Hong Kong/VM20098613/2020,EPI_ISL_1718267
hCoV-19/Hong Kong/VM20098615/2020,EPI_ISL_2541355
hCoV-19/Hong Kong/VM20098600/2020,EPI_ISL_2226481
hCoV-19/Hong Kong/VM20098592/2020,EPI_ISL_2438569
hCoV-19/Hong Kong/VM20098604/2020,EPI_ISL_2680999
hCoV-19/Hong Kong/VM20098606/2020,EPI_ISL_1811330
hCoV-19/Hong Kong/VM20098574/2020,EPI_ISL_2604926
hCoV-19/Hong Kong/VM20098617/2020,EPI_ISL_2604952
hCoV-19/Hong Kong/VM20098619/2020,EPI_ISL_2631535
hCoV-19/Hong Kong/VM20099548/2020,EPI_ISL_2621805
hCoV-19/Hong Kong/VM20099554/2020,EPI_ISL_2671789
hCoV-19/Hong Kong/VM20099553/2020,EPI_ISL_2696917
hCoV-19/Hong Kong/VM20099583/2020,EPI_ISL_1749655
hCoV-19/Hong Kong/VM20097988/2020,EPI_ISL_1761434
hCoV-19/Hong Kong/VM20100086/2020,EPI_ISL_2651184
hCoV-19/Hong Kong/VM20100087/2020,EPI_ISL_2598309
hCoV-19/Hong Kong/VM20100048/2020,EPI_ISL_2671798
hCoV-19/Hong Kong/VM20100088/2020,EPI_ISL_2681030
hCoV-19/Hong Kong/VM20100097/2020,EPI_ISL_2598314
hCoV-19/Hong Kong/VM20100090/2020,EPI_ISL_2680993
hCoV-19/Hong Kong/VM20100082/2020,EPI_ISL_2180766
hCoV-19/Hong Kong/VM20100103/2020,EPI_ISL_2541393
hCoV-19/Hong Kong/VM20100050/2020,EPI_ISL_1930657
hCoV-19/Hong Kong/VM20100092/2020,EPI_ISL_2651200
hCoV-19/Hong Kong/VM20100091/2020,EPI_ISL_2142863
hCoV-19/Hong Kong/VM20100098/2020,EPI_ISL_2180757
hCoV-19/Hong Kong/VM20100075/2020,EPI_ISL_2450206
hCoV-19/Hong Kong/VM20100059/2020,EPI_ISL_2438555
hCoV-19/Hong Kong/VM20100079/2020,EPI_ISL_1930645
hCoV-19/Hong Kong/VM20100055/2020,EPI_ISL_2671827
hCoV-19/Hong Kong/VM20100285/2020,EPI_ISL_2625967
hCoV-19/Hong Kong/VM20100556/2020,EPI_ISL_2131609
hCoV-19/Hong Kong/VM20100568/2020,EPI_ISL_1761416
hCoV-19/Hong Kong/VM20100567/2020,EPI_ISL_2180760
hCoV-19/Hong Kong/VM20100565/2020,EPI_ISL_2625944
hCoV-19/Hong Kong/VM20100566/2020,EPI_ISL_2142835
hCoV-19/Hong Kong/VM20100308/2020,EPI_ISL_2680996
hCoV-19/Hong Kong/VM20100297/2020,EPI_ISL_2681026
hCoV-19/Hong Kong/VM20100307/2020,EPI_ISL_2226478
hCoV-19/Hong Kong/VM20101269/2020,EPI_ISL_2598330
hCoV-19/Hong Kong/VM20101253/2020,EPI_ISL_1897325
hCoV-19/Hong Kong/VM20101252/2020,EPI_ISL_2438566
hCoV-19/Hong Kong/VM20101270/2020,EPI_ISL_2644650
hCoV-19/Hong Kong/VM20101267/2020,EPI_ISL_1793817
hCoV-19/Hong Kong/VM20101263/2020,EPI_ISL_1897341
hCoV-19/Hong Kong/VM20101261/2020,EPI_ISL_2142868
hCoV-19/Hong Kong/VM20101247/2020,EPI_ISL_1761445
hCoV-19/Hong Kong/VM20101243/2020,EPI_ISL_2598322
hCoV-19/Hong Kong/VM20101266/2020,EPI_ISL_2621798
hCoV-19/Hong Kong/VM20100430/2020,EPI_ISL_1914463
hCoV-19/Hong Kong/VM20101286/2020,EPI_ISL_2685938
hCoV-19/Hong Kong/VM20101284/2020,EPI_ISL_2477042
hCoV-19/Hong Kong/VM20101276/2020,EPI_ISL_2450199
hCoV-19/Hong Kong/VM20101280/2020,EPI_ISL_2685918
hCoV-19/Hong Kong/VM20101281/2020,EPI_ISL_2365398
hCoV-19/Hong Kong/VM20101573/2020,EPI_ISL_1819160
hCoV-19/Hong Kong/VM20102494/2020,EPI_ISL_2631526
hCoV-19/Hong Kong/VM20102487/2020,EPI_ISL_2365400
hCoV-19/Hong Kong/VM20102486/2020,EPI_ISL_2621817
hCoV-19/Hong Kong/VM20102492/2020,EPI_ISL_1930630
hCoV-19/Hong Kong/VM20102489/2020,EPI_ISL_2477039
hCoV-19/Hong Kong/VM20102511/2020,EPI_ISL_2477068
hCoV-19/Hong Kong/VM20102498/2020,EPI_ISL_2180754
hCoV-19/Hong Kong/VM20102502/2020,EPI_ISL_2631518
hCoV-19/Hong Kong/VM20102488/2020,EPI_ISL_2598327
hCoV-19/Hong Kong/VM20102495/2020,EPI_ISL_1897346
hCoV-19/Hong Kong/VM20102509/2020,EPI_ISL_1897348
hCoV-19/Hong Kong/VM20102514/2020,EPI_ISL_2131599
hCoV-19/Hong Kong/VM20102516/2020,EPI_ISL_1749663
hCoV-19/Hong Kong/VM20102528/2020,EPI_ISL_1819100
hCoV-19/Hong Kong/VM20102688/2020,EPI_ISL_2180795
hCoV-19/Hong Kong/VM20102689/2020,EPI_ISL_2598323
hCoV-19/Hong Kong/VM20102692/2020,EPI_ISL_2604921
hCoV-19/Hong Kong/VM20102693/2020,EPI_ISL_1749670
hCoV-19/Hong Kong/VM20103338/2020,EPI_ISL_1914434
hCoV-19/Hong Kong/VM20103322/2020,EPI_ISL_1811363
hCoV-19/Hong Kong/VM20103346/2020,EPI_ISL_1811360
hCoV-19/Hong Kong/VM20103326/2020,EPI_ISL_2625938
hCoV-19/Hong Kong/VM20103323/2020,EPI_ISL_1897315
hCoV-19/Hong Kong/VM20103329/2020,EPI_ISL_2644625
hCoV-19/Hong Kong/VM20103332/2020,EPI_ISL_2681022
hCoV-19/Hong Kong/VM20103345/2020,EPI_ISL_2671810
hCoV-19/Hong Kong/VM20103348/2020,EPI_ISL_2180806
hCoV-19/Hong Kong/VM20103340/2020,EPI_ISL_1828738
hCoV-19/Hong Kong/VM20103320/2020,EPI_ISL_2612415
hCoV-19/Hong Kong/VM20103316/2020,EPI_ISL_2680998
hCoV-19/Hong Kong/VM20103330/2020,EPI_ISL_2477045
hCoV-19/Hong Kong/VM20102964/2020,EPI_ISL_2671788
hCoV-19/Hong Kong/VM20102968/2020,EPI_ISL_2598342
hCoV-19/Hong Kong/VM20103732/2020,EPI_ISL_1718256
hCoV-19/Hong Kong/VM20103723/2020,EPI_ISL_2438596
hCoV-19/Hong Kong/VM20103737/2020,EPI_ISL_1761438
hCoV-19/Hong Kong/VM20103724/2020,EPI_ISL_1761403
hCoV-19/Hong Kong/VB20170816/2020,EPI_ISL_2681012
hCoV-19/Hong Kong/VM20103596/2020,EPI_ISL_2621791
hCoV-19/Hong Kong/VM20103794/2020,EPI_ISL_1761412
hCoV-19/Hong Kong/VM20103797/2020,EPI_ISL_1819181
hCoV-19/Hong Kong/VM20103799/2020,EPI_ISL_2681028
hCoV-19/Hong Kong/VM20103798/2020,EPI_ISL_2365403
hCoV-19/Hong Kong/VM20103780/2020,EPI_ISL_1914467
hCoV-19/Hong Kong/VM20103791/2020,EPI_ISL_1914429
hCoV-19/Hong Kong/VM20103801/2020,EPI_ISL_2226477
hCoV-19/Hong Kong/VM20103802/2020,EPI_ISL_2142849
hCoV-19/Hong Kong/VM20103806/2020,EPI_ISL_2621815
hCoV-19/Hong Kong/VM20103803/2020,EPI_ISL_2598334
hCoV-19/Hong Kong/VM20103805/2020,EPI_ISL_1718266
hCoV-19/Hong Kong/VM20172318/2020,EPI_ISL_2142875
hCoV-19/Hong Kong/VM20104548/2020,EPI_ISL_2685940
hCoV-19/Hong Kong/VM20104552/2020,EPI_ISL_1761439
hCoV-19/Hong Kong/VB20172509/2020,EPI_ISL_2477054
hCoV-19/Hong Kong/VM20104549/2020,EPI_ISL_2621801
hCoV-19/Hong Kong/VM20104563/2020,EPI_ISL_1761436
hCoV-19/Hong Kong/VM20104574/2020,EPI_ISL_2365399
hCoV-19/Hong Kong/VM20104570/2020,EPI_ISL_1761421
hCoV-19/Hong Kong/VM20104566/2020,EPI_ISL_2365365
hCoV-19/Hong Kong/VM20104564/2020,EPI_ISL_2671824
hCoV-19/Hong Kong/VM20104576/2020,EPI_ISL_2477021
hCoV-19/Hong Kong/VM20104577/2020,EPI_ISL_2131607
hCoV-19/Hong Kong/VM20104591/2020,EPI_ISL_1914431
hCoV-19/Hong Kong/VM20104598/2020,EPI_ISL_1749661
hCoV-19/Hong Kong/VM20104592/2020,EPI_ISL_2685928
hCoV-19/Hong Kong/VM20104603/2020,EPI_ISL_2696927
hCoV-19/Hong Kong/VM20104586/2020,EPI_ISL_1793831
hCoV-19/Hong Kong/VM20104588/2020,EPI_ISL_2438553
hCoV-19/Hong Kong/VM20104589/2020,EPI_ISL_1819167
hCoV-19/Hong Kong/VM20104596/2020,EPI_ISL_1897311
hCoV-19/Hong Kong/VM20104594/2020,EPI_ISL_1930652
hCoV-19/Hong Kong/VM20104816/2020,EPI_ISL_1897335
hCoV-19/Hong Kong/VM20104818/2020,EPI_ISL_1897322
hCoV-19/Hong Kong/VM20104819/2020,EPI_ISL_2226465
hCoV-19/Hong Kong/VM20104020/2020,EPI_ISL_1718269
hCoV-19/Hong Kong/VM20104299/2020,EPI_ISL_2621803
hCoV-19/Hong Kong/VM20105697/2020,EPI_ISL_1914444
hCoV-19/Hong Kong/VM20105698/2020,EPI_ISL_1718279
hCoV-19/Hong Kong/VM20105681/2020,EPI_ISL_2685935
hCoV-19/Hong Kong/VM20105692/2020,EPI_ISL_2671822
hCoV-19/Hong Kong/VM20105693/2020,EPI_ISL_2625941
hCoV-19/Hong Kong/VM20105695/2020,EPI_ISL_1793820
hCoV-19/Hong Kong/VM20105686/2020,EPI_ISL_2142861
hCoV-19/Hong Kong/VM20105682/2020,EPI_ISL_1793829
hCoV-19/Hong Kong/VM20105700/2020,EPI_ISL_1749635
hCoV-19/Hong Kong/VM20105677/2020,EPI_ISL_1828739
hCoV-19/Hong Kong/VM20105706/2020,EPI_ISL_1718276
hCoV-19/Hong Kong/VM20105687/2020,EPI_ISL_2365401
hCoV-19/Hong Kong/VM20106399/2020,EPI_ISL_2621792
hCoV-19/Hong Kong/VM20106398/2020,EPI_ISL_1828770
hCoV-19/Hong Kong/VM20106397/2020,EPI_ISL_1819106
hCoV-19/Hong Kong/VM20106389/2020,EPI_ISL_2450177
hCoV-19/Hong Kong/VM20106390/2020,EPI_ISL_2644645
hCoV-19/Hong Kong/VM20106606/2020,EPI_ISL_1819175
hCoV-19/Hong Kong/VM20106605/2020,EPI_ISL_2651202
hCoV-19/Hong Kong/VM20106596/2020,EPI_ISL_1819126
hCoV-19/Hong Kong/VM20106667/2020,EPI_ISL_2604930
hCoV-19/Hong Kong/VM20106604/2020,EPI_ISL_2681009
hCoV-19/Hong Kong/VB20173926/2020,EPI_ISL_2131577
hCoV-19/Hong Kong/VX20013056/2020,EPI_ISL_2625965
hCoV-19/Hong Kong/VM20107465/2020,EPI_ISL_1811335
hCoV-19/Hong Kong/VM20107454/2020,EPI_ISL_2631529
hCoV-19/Hong Kong/VM20107487/2020,EPI_ISL_2131582
hCoV-19/Hong Kong/VM20107471/2020,EPI_ISL_2612429
hCoV-19/Hong Kong/VM20107452/2020,EPI_ISL_2644613
hCoV-19/Hong Kong/VM20107469/2020,EPI_ISL_2598306
hCoV-19/Hong Kong/VM20108310/2020,EPI_ISL_1828753
hCoV-19/Hong Kong/VM20108545/2020,EPI_ISL_2671821
hCoV-19/Hong Kong/VM20107965/2020,EPI_ISL_1914457
hCoV-19/Hong Kong/VB20175859/2020,EPI_ISL_2131586
hCoV-19/Hong Kong/VB20175855/2020,EPI_ISL_2180789
hCoV-19/Hong Kong/VB20175854/2020,EPI_ISL_1731064
hCoV-19/Hong Kong/VM20108894/2020,EPI_ISL_2142870
hCoV-19/Hong Kong/VB20175871/2020,EPI_ISL_2180775
hCoV-19/Hong Kong/VB20175861/2020,EPI_ISL_2631527
hCoV-19/Hong Kong/VM20108329/2020,EPI_ISL_2681033
hCoV-19/Hong Kong/VM20108319/2020,EPI_ISL_1819140
hCoV-19/Hong Kong/WHP2219/2020,EPI_ISL_2625937
hCoV-19/Hong Kong/VM20108326/2020,EPI_ISL_2612440
hCoV-19/Hong Kong/VM20108328/2020,EPI_ISL_2438576
hCoV-19/Hong Kong/VM20108324/2020,EPI_ISL_1749625
hCoV-19/Hong Kong/VM20108315/2020,EPI_ISL_1731049
hCoV-19/Hong Kong/WHP2223/2020,EPI_ISL_2625928
hCoV-19/Hong Kong/VM20108316/2020,EPI_ISL_2131605
hCoV-19/Hong Kong/VM20108317/2020,EPI_ISL_2226457
hCoV-19/Hong Kong/VM20108322/2020,EPI_ISL_2685934
hCoV-19/Hong Kong/VM20108327/2020,EPI_ISL_2541431
hCoV-19/Hong Kong/VM20108895/2020,EPI_ISL_2604924
hCoV-19/Hong Kong/VB20175923/2020,EPI_ISL_2142852
hCoV-19/Hong Kong/VB20175916/2020,EPI_ISL_1731063
hCoV-19/Hong Kong/VB20175920/2020,EPI_ISL_2541373
hCoV-19/Hong Kong/VB20175803/2020,EPI_ISL_1811319
hCoV-19/Hong Kong/VB20175941/2020,EPI_ISL_1811341
hCoV-19/Hong Kong/VB20175938/2020,EPI_ISL_1897336
hCoV-19/Hong Kong/VB20175936/2020,EPI_ISL_2541439
hCoV-19/Hong Kong/VB20175929/2020,EPI_ISL_1914446
hCoV-19/Hong Kong/VB20175926/2020,EPI_ISL_2477059
hCoV-19/Hong Kong/VB20175813/2020,EPI_ISL_2681013
hCoV-19/Hong Kong/VM20108889/2020,EPI_ISL_2631541
hCoV-19/Hong Kong/VB20175882/2020,EPI_ISL_1811359
hCoV-19/Hong Kong/VB20175816/2020,EPI_ISL_2180784
hCoV-19/Hong Kong/VM20108890/2020,EPI_ISL_2438586
hCoV-19/Hong Kong/VM20109242/2020,EPI_ISL_2651190
hCoV-19/Hong Kong/VM20108549/2020,EPI_ISL_1811331
hCoV-19/Hong Kong/VM20108538/2020,EPI_ISL_2365396
hCoV-19/Hong Kong/VM20108544/2020,EPI_ISL_1819157
hCoV-19/Hong Kong/VB20175918/2020,EPI_ISL_2644610
hCoV-19/Hong Kong/VM20108900/2020,EPI_ISL_2365381
hCoV-19/Hong Kong/VM20108904/2020,EPI_ISL_2477037
hCoV-19/Hong Kong/VM20108908/2020,EPI_ISL_2598317
hCoV-19/Hong Kong/VM20108906/2020,EPI_ISL_2598339
hCoV-19/Hong Kong/VM20108901/2020,EPI_ISL_1731060
hCoV-19/Hong Kong/VM20109249/2020,EPI_ISL_1914482
hCoV-19/Hong Kong/WHP2239/2020,EPI_ISL_2438588
hCoV-19/Hong Kong/VM20109219/2020,EPI_ISL_2631510
hCoV-19/Hong Kong/WHP2241/2020,EPI_ISL_2644628
hCoV-19/Hong Kong/VM20109217/2020,EPI_ISL_1811365
hCoV-19/Hong Kong/VB20175874/2020,EPI_ISL_1897319
hCoV-19/Hong Kong/VM20109236/2020,EPI_ISL_2477019
hCoV-19/Hong Kong/VM20109245/2020,EPI_ISL_2671801
hCoV-19/Hong Kong/VM20109239/2020,EPI_ISL_2180810
hCoV-19/Hong Kong/VM20109240/2020,EPI_ISL_2696912
hCoV-19/Hong Kong/VM20109259/2020,EPI_ISL_2598312
hCoV-19/Hong Kong/VM20178087/2020,EPI_ISL_2438571
hCoV-19/Hong Kong/VM20109924/2020,EPI_ISL_2685927
hCoV-19/Hong Kong/VM20109932/2020,EPI_ISL_2365369
hCoV-19/Hong Kong/VM20109931/2020,EPI_ISL_1793827
hCoV-19/Hong Kong/VM20109921/2020,EPI_ISL_2612420
hCoV-19/Hong Kong/VM20109923/2020,EPI_ISL_1828769
hCoV-19/Hong Kong/VM20109928/2020,EPI_ISL_1914472
hCoV-19/Hong Kong/VM20109933/2020,EPI_ISL_1930636
hCoV-19/Hong Kong/VM20109518/2020,EPI_ISL_2685904
hCoV-19/Hong Kong/VM20109943/2020,EPI_ISL_1811352
hCoV-19/Hong Kong/VM20110786/2020,EPI_ISL_1828737
hCoV-19/Hong Kong/VM20110796/2020,EPI_ISL_2450182
hCoV-19/Hong Kong/VM20110791/2020,EPI_ISL_2631533
hCoV-19/Hong Kong/VM20110799/2020,EPI_ISL_2598341
hCoV-19/Hong Kong/VM20110871/2020,EPI_ISL_2365377
hCoV-19/Hong Kong/VM20110873/2020,EPI_ISL_1793807
hCoV-19/Hong Kong/VM20110872/2020,EPI_ISL_2685937
hCoV-19/Hong Kong/VM20110865/2020,EPI_ISL_1897332
hCoV-19/Hong Kong/VM20110878/2020,EPI_ISL_1749633
hCoV-19/Hong Kong/VM20110881/2020,EPI_ISL_2612453
hCoV-19/Hong Kong/VM20111010/2020,EPI_ISL_2621799
hCoV-19/Hong Kong/VM20111714/2020,EPI_ISL_2685939
hCoV-19/Hong Kong/VM20111705/2020,EPI_ISL_2685945
hCoV-19/Hong Kong/VM20112160/2020,EPI_ISL_1749654
hCoV-19/Hong Kong/VM20112155/2020,EPI_ISL_2142858
hCoV-19/Hong Kong/VM20112353/2020,EPI_ISL_2180808
hCoV-19/Hong Kong/VM20112354/2020,EPI_ISL_1819165
hCoV-19/Hong Kong/WHP2291/2020,EPI_ISL_2598335
hCoV-19/Hong Kong/VM20112365/2020,EPI_ISL_2680995
hCoV-19/Hong Kong/VM20112364/2020,EPI_ISL_2438590
hCoV-19/Hong Kong/VM20112458/2020,EPI_ISL_1793798
hCoV-19/Hong Kong/VM20112815/2020,EPI_ISL_2131616
hCoV-19/Hong Kong/VM20112687/2020,EPI_ISL_2477029
hCoV-19/Hong Kong/VM20113035/2020,EPI_ISL_2450180
hCoV-19/Hong Kong/VM20113039/2020,EPI_ISL_2438577
hCoV-19/Hong Kong/VM20113041/2020,EPI_ISL_1749659
hCoV-19/Hong Kong/VM20113447/2020,EPI_ISL_2450220
hCoV-19/Hong Kong/VM20113440/2020,EPI_ISL_2598308
hCoV-19/Hong Kong/VM20113451/2020,EPI_ISL_2644609
hCoV-19/Hong Kong/VM20113441/2020,EPI_ISL_2365393
hCoV-19/Hong Kong/VM20113452/2020,EPI_ISL_1811354
hCoV-19/Hong Kong/VM20113886/2020,EPI_ISL_2604929
hCoV-19/Hong Kong/VM20113887/2020,EPI_ISL_1811362
hCoV-19/Hong Kong/VM20114067/2020,EPI_ISL_1819159
hCoV-19/Hong Kong/VM20114066/2020,EPI_ISL_2226476
hCoV-19/Hong Kong/VM20114413/2020,EPI_ISL_2142843
hCoV-19/Hong Kong/VM20114551/2020,EPI_ISL_1749658
hCoV-19/Hong Kong/VM20114547/2020,EPI_ISL_2625955
hCoV-19/Hong Kong/VM20114556/2020,EPI_ISL_2685903
hCoV-19/Hong Kong/VM20115058/2020,EPI_ISL_1897318
hCoV-19/Hong Kong/VM20115056/2020,EPI_ISL_2226488
hCoV-19/Hong Kong/VM20115055/2020,EPI_ISL_2226491
hCoV-19/Hong Kong/VM20116098/2020,EPI_ISL_2365384
hCoV-19/Hong Kong/VM20116095/2020,EPI_ISL_2696908
hCoV-19/Hong Kong/VM20116455/2020,EPI_ISL_2671817
hCoV-19/Hong Kong/VM20116454/2020,EPI_ISL_2226460
hCoV-19/Hong Kong/VM20116456/2020,EPI_ISL_1811358
hCoV-19/Hong Kong/VM20116457/2020,EPI_ISL_2671804
hCoV-19/Hong Kong/VB20190078/2020,EPI_ISL_2226458
hCoV-19/Hong Kong/VM20116984/2020,EPI_ISL_2685910
hCoV-19/Hong Kong/VM20116982/2020,EPI_ISL_2671814
hCoV-19/Hong Kong/VM20117459/2020,EPI_ISL_2651183
hCoV-19/Hong Kong/VB20190913/2020,EPI_ISL_1718277
hCoV-19/Hong Kong/VM20117929/2020,EPI_ISL_2644641
hCoV-19/Hong Kong/VM20118355/2020,EPI_ISL_2142848
hCoV-19/Hong Kong/VM20118363/2020,EPI_ISL_2671828
hCoV-19/Hong Kong/VM20118364/2020,EPI_ISL_2631505
hCoV-19/Hong Kong/VM20118367/2020,EPI_ISL_1897339
hCoV-19/Hong Kong/VM20118678/2020,EPI_ISL_2696932
hCoV-19/Hong Kong/VM20118571/2020,EPI_ISL_1819146
hCoV-19/Hong Kong/VM20118670/2020,EPI_ISL_2477057
hCoV-19/Hong Kong/VM20118668/2020,EPI_ISL_2625956
hCoV-19/Hong Kong/VM20118669/2020,EPI_ISL_1819105
hCoV-19/Hong Kong/VM20118673/2020,EPI_ISL_2131595
hCoV-19/Hong Kong/VM20118672/2020,EPI_ISL_2450204
hCoV-19/Hong Kong/VM20118852/2020,EPI_ISL_2651191
hCoV-19/Hong Kong/VM20118855/2020,EPI_ISL_2598336
hCoV-19/Hong Kong/VM20119065/2020,EPI_ISL_2365397
hCoV-19/Hong Kong/VM20119066/2020,EPI_ISL_1819156
hCoV-19/Hong Kong/VM20119191/2020,EPI_ISL_2541465
hCoV-19/Hong Kong/VM20119590/2020,EPI_ISL_2450192
hCoV-19/Hong Kong/VM20120084/2020,EPI_ISL_1828751
hCoV-19/Hong Kong/VM20119790/2020,EPI_ISL_2681027
hCoV-19/Hong Kong/VM20120083/2020,EPI_ISL_2180763
hCoV-19/Hong Kong/VM20120246/2020,EPI_ISL_1914549
hCoV-19/Hong Kong/VM20120727/2020,EPI_ISL_2625935
hCoV-19/Hong Kong/VM20121196/2020,EPI_ISL_1914567
hCoV-19/Hong Kong/VM20120726/2020,EPI_ISL_1930655
hCoV-19/Hong Kong/VM20120724/2020,EPI_ISL_1914455
hCoV-19/Hong Kong/VM20121035/2020,EPI_ISL_2438563
hCoV-19/Hong Kong/VM20120731/2020,EPI_ISL_2651197
hCoV-19/Hong Kong/VM20120492/2020,EPI_ISL_2598325
hCoV-19/Hong Kong/VM20121505/2020,EPI_ISL_1819127
hCoV-19/Hong Kong/VM20121192/2020,EPI_ISL_2671816
hCoV-19/Hong Kong/VM20121500/2020,EPI_ISL_2477062
hCoV-19/Hong Kong/VM20121493/2020,EPI_ISL_2541406
hCoV-19/Hong Kong/VM20121507/2020,EPI_ISL_1819111
hCoV-19/Hong Kong/VM20121504/2020,EPI_ISL_2681007
hCoV-19/Hong Kong/VM20121632/2020,EPI_ISL_2696899
hCoV-19/Hong Kong/VM20121631/2020,EPI_ISL_1819178
hCoV-19/Hong Kong/VM20121630/2020,EPI_ISL_2631506
hCoV-19/Hong Kong/VM20121629/2020,EPI_ISL_2450207
hCoV-19/Hong Kong/VM20122595/2020,EPI_ISL_1914530
hCoV-19/Hong Kong/VM20122192/2020,EPI_ISL_2365380
hCoV-19/Hong Kong/VM20122190/2020,EPI_ISL_1819180
hCoV-19/Hong Kong/VM20123096/2020,EPI_ISL_2631520
hCoV-19/Hong Kong/VM20123094/2020,EPI_ISL_2142856
hCoV-19/Hong Kong/VM20123365/2020,EPI_ISL_1749624
hCoV-19/Hong Kong/VM20123554-1/2020,EPI_ISL_1914572
hCoV-19/Hong Kong/VM20123555-1/2020,EPI_ISL_1749662
hCoV-19/Hong Kong/VM20123558-1/2020,EPI_ISL_1811338
hCoV-19/Hong Kong/VM20123559-1/2020,EPI_ISL_1914573
hCoV-19/Hong Kong/VM20123560-1/2020,EPI_ISL_1828743
hCoV-19/Hong Kong/VM20124082/2020,EPI_ISL_1811349
hCoV-19/Hong Kong/VM20124189/2020,EPI_ISL_2131601
hCoV-19/Hong Kong/VM20124190/2020,EPI_ISL_2131604
hCoV-19/Hong Kong/VM20124689-1/2020,EPI_ISL_1914534
hCoV-19/Hong Kong/VM20124686/2020,EPI_ISL_2450191
hCoV-19/Hong Kong/VM20124687/2020,EPI_ISL_2598302
hCoV-19/Hong Kong/VB20205375/2020,EPI_ISL_1819129
hCoV-19/Hong Kong/VB20205376/2020,EPI_ISL_1793805
hCoV-19/Hong Kong/VM20126171/2020,EPI_ISL_2450221
hCoV-19/Hong Kong/VM20126174/2020,EPI_ISL_1914531
hCoV-19/Hong Kong/VM20126176/2020,EPI_ISL_2598299
hCoV-19/Hong Kong/VM20126594/2020,EPI_ISL_1914481
hCoV-19/Hong Kong/VM20126621/2020,EPI_ISL_1819143
hCoV-19/Hong Kong/VM20127230/2020,EPI_ISL_1761429
hCoV-19/Hong Kong/VM20126869-1/2020,EPI_ISL_2598337
hCoV-19/Hong Kong/VM20127500/2020,EPI_ISL_1914479
hCoV-19/Hong Kong/VM20127336/2020,EPI_ISL_1718248
hCoV-19/Hong Kong/VM20127499-1/2020,EPI_ISL_1811321
hCoV-19/Hong Kong/VM20127572-1/2020,EPI_ISL_1718252
hCoV-19/Hong Kong/VM20127573-1/2020,EPI_ISL_2685916
hCoV-19/Hong Kong/CM20000096/2020,EPI_ISL_1914553
hCoV-19/Hong Kong/VM20127773/2020,EPI_ISL_1761444
hCoV-19/Hong Kong/VM20127769-1/2020,EPI_ISL_1897316
hCoV-19/Hong Kong/VM20127768/2020,EPI_ISL_1811342
hCoV-19/Hong Kong/VM20127767/2020,EPI_ISL_2541381
hCoV-19/Hong Kong/VM20127935-1/2020,EPI_ISL_1819184
hCoV-19/Hong Kong/VB20208704/2020,EPI_ISL_2709246
hCoV-19/Hong Kong/VM20127956-1/2020,EPI_ISL_2142855
hCoV-19/Hong Kong/VM20128120/2020,EPI_ISL_2142874
hCoV-19/Hong Kong/VM20128243-1/2020,EPI_ISL_1761443
hCoV-19/Hong Kong/VM20128237/2020,EPI_ISL_2631515
hCoV-19/Hong Kong/VM20128238/2020,EPI_ISL_2142873
hCoV-19/Hong Kong/VM20128240-1/2020,EPI_ISL_2438594
hCoV-19/Hong Kong/VM20128239/2020,EPI_ISL_1914438
hCoV-19/Hong Kong/VM20128241/2020,EPI_ISL_1914557
hCoV-19/Hong Kong/VM20128248/2020,EPI_ISL_2226486
hCoV-19/Hong Kong/VB20209003-1/2020,EPI_ISL_2696909
hCoV-19/Hong Kong/VB20209026-1/2020,EPI_ISL_2450217
hCoV-19/Hong Kong/VM20128297/2020,EPI_ISL_1930660
hCoV-19/Hong Kong/VM20128302/2020,EPI_ISL_1761409
hCoV-19/Hong Kong/VM20129417/2020,EPI_ISL_1914490
hCoV-19/Hong Kong/VM20128899-1/2020,EPI_ISL_1930638
hCoV-19/Hong Kong/VM20128901/2020,EPI_ISL_1793839
hCoV-19/Hong Kong/VM20128900/2020,EPI_ISL_2541448
hCoV-19/Hong Kong/VM20128903/2020,EPI_ISL_2685909
hCoV-19/Hong Kong/VM20129418/2020,EPI_ISL_2612417
hCoV-19/Hong Kong/VB20210198/2020,EPI_ISL_1819102
hCoV-19/Hong Kong/VB20210200/2020,EPI_ISL_1819148
hCoV-19/Hong Kong/VB20210204/2020,EPI_ISL_1731050
hCoV-19/Hong Kong/VB2021-02-05/2020,EPI_ISL_2541409
hCoV-19/Hong Kong/VB2021-02-08/2020,EPI_ISL_1914468
hCoV-19/Hong Kong/VM20128545/2020,EPI_ISL_2477051
hCoV-19/Hong Kong/VM20129245-1/2020,EPI_ISL_1930635
hCoV-19/Hong Kong/VM20129415-1/2020,EPI_ISL_1819082
hCoV-19/Hong Kong/VM20129429/2020,EPI_ISL_2631528
hCoV-19/Hong Kong/VB20211407-1/2020,EPI_ISL_1930616
hCoV-19/Hong Kong/VB20211660-1/2020,EPI_ISL_2142853
hCoV-19/Hong Kong/VB20211661-1/2020,EPI_ISL_2604912
hCoV-19/Hong Kong/VM20130029/2020,EPI_ISL_1828755
hCoV-19/Hong Kong/VM20130028-1/2020,EPI_ISL_1828763
hCoV-19/Hong Kong/VM20130432-1/2020,EPI_ISL_1811355
hCoV-19/Hong Kong/VM20130644/2020,EPI_ISL_1718262
hCoV-19/Hong Kong/VM20130645/2020,EPI_ISL_2681034
hCoV-19/Hong Kong/VB20213855/2020,EPI_ISL_2180782
hCoV-19/Hong Kong/VM20131073-1/2020,EPI_ISL_2604940
hCoV-19/Hong Kong/VM20131075/2020,EPI_ISL_2131618
hCoV-19/Hong Kong/VM20131076/2020,EPI_ISL_2450215
hCoV-19/Hong Kong/CV20080655/2020,EPI_ISL_1914561
hCoV-19/Hong Kong/CV20080825/2020,EPI_ISL_1914569
hCoV-19/Hong Kong/VB20214929-1/2020,EPI_ISL_2226490
hCoV-19/Hong Kong/VM20131247/2020,EPI_ISL_1718263
hCoV-19/Hong Kong/VM20131574/2020,EPI_ISL_2604948
hCoV-19/Hong Kong/VM20131186/2020,EPI_ISL_2598300
hCoV-19/Hong Kong/VB20216176/2020,EPI_ISL_2438585
hCoV-19/Hong Kong/VM20131776/2020,EPI_ISL_2604935
hCoV-19/Hong Kong/VM20131772/2020,EPI_ISL_1761430
hCoV-19/Hong Kong/VM20131770/2020,EPI_ISL_1914464
hCoV-19/Hong Kong/VM20131778/2020,EPI_ISL_1811323
hCoV-19/Hong Kong/VM20132139/2020,EPI_ISL_1914543
hCoV-19/Hong Kong/VM20132399/2020,EPI_ISL_2438572
hCoV-19/Hong Kong/VB20219976-1/2020,EPI_ISL_2644636
hCoV-19/Hong Kong/VB20220094/2020,EPI_ISL_1811347
hCoV-19/Hong Kong/CV20083787/2020,EPI_ISL_1914541
hCoV-19/Hong Kong/CM20000156/2020,EPI_ISL_1811334
hCoV-19/Hong Kong/VB20220907-1/2020,EPI_ISL_2621823
hCoV-19/Hong Kong/VM20134145/2020,EPI_ISL_1819099
hCoV-19/Hong Kong/VM20134148/2020,EPI_ISL_1914533
hCoV-19/Hong Kong/CM20000160/2020,EPI_ISL_1914559
hCoV-19/Hong Kong/VM20134624/2020,EPI_ISL_1793811
hCoV-19/Hong Kong/VM20134627/2020,EPI_ISL_1811340
hCoV-19/Hong Kong/VB20221937/2020,EPI_ISL_1914550
hCoV-19/Hong Kong/CM20000166/2020,EPI_ISL_1914539
hCoV-19/Hong Kong/VM20135297/2020,EPI_ISL_1914542
hCoV-19/Hong Kong/VM20134876/2020,EPI_ISL_1930661
hCoV-19/Hong Kong/VM20135951/2020,EPI_ISL_1749668
hCoV-19/Hong Kong/VM20136554/2020,EPI_ISL_1914495
hCoV-19/Hong Kong/CM20000176/2020,EPI_ISL_1914497
hCoV-19/Hong Kong/VM20136747/2020,EPI_ISL_1811326
hCoV-19/Hong Kong/VM20136998/2020,EPI_ISL_1914508
hCoV-19/Hong Kong/CM20000179/2020,EPI_ISL_1828754
hCoV-19/Hong Kong/VM20137223-1/2020,EPI_ISL_2180773
hCoV-19/Hong Kong/VM20137971/2020,EPI_ISL_1919948
hCoV-19/Hong Kong/VM20137973/2020,EPI_ISL_1914483
hCoV-19/Hong Kong/VM20138737/2020,EPI_ISL_1761423
hCoV-19/Hong Kong/VM20138739/2020,EPI_ISL_1914514
hCoV-19/Hong Kong/VM20139199-1/2020,EPI_ISL_1914520
hCoV-19/Hong Kong/VM20139862/2020,EPI_ISL_1914536
hCoV-19/Hong Kong/VM20139861/2020,EPI_ISL_1914493
hCoV-19/Hong Kong/VB20227521/2020,EPI_ISL_1914487
hCoV-19/Hong Kong/VB20227528/2020,EPI_ISL_1914535
hCoV-19/Hong Kong/VM20140208/2020,EPI_ISL_2598338
hCoV-19/Hong Kong/VM20140376/2020,EPI_ISL_1914565
hCoV-19/Hong Kong/CM20000193/2020,EPI_ISL_1914512
hCoV-19/Hong Kong/VB20228784/2020,EPI_ISL_1819084
hCoV-19/Hong Kong/VM20141164/2020,EPI_ISL_1749639
hCoV-19/Hong Kong/VM20141404/2020,EPI_ISL_1749629
hCoV-19/Hong Kong/VM20141406/2020,EPI_ISL_2696915
hCoV-19/Hong Kong/VM20141429/2020,EPI_ISL_1749648
hCoV-19/Hong Kong/VM20141727/2020,EPI_ISL_1914538
hCoV-19/Hong Kong/VM20141728-1/2020,EPI_ISL_1828764
hCoV-19/Hong Kong/VM20141428/2020,EPI_ISL_1914433
hCoV-19/Hong Kong/VM20141458/2020,EPI_ISL_2644618
hCoV-19/Hong Kong/VM20141448/2020,EPI_ISL_1914528
hCoV-19/Hong Kong/VM20141908/2020,EPI_ISL_2651198
hCoV-19/Hong Kong/VM20141895/2020,EPI_ISL_2541361
hCoV-19/Hong Kong/VM20142184/2020,EPI_ISL_1718253
hCoV-19/Hong Kong/CM20000216/2020,EPI_ISL_1914571
hCoV-19/Hong Kong/CM20000211/2020,EPI_ISL_1914476
hCoV-19/Hong Kong/VM20143876/2020,EPI_ISL_1819089
hCoV-19/Hong Kong/CM20000221-1/2020,EPI_ISL_1914478
hCoV-19/Hong Kong/VM20145467/2020,EPI_ISL_2365372
hCoV-19/Hong Kong/CV20089510/2020,EPI_ISL_1914515
hCoV-19/Hong Kong/VM20145470/2020,EPI_ISL_1793834
hCoV-19/Hong Kong/VB20235197/2020,EPI_ISL_1914451
hCoV-19/Hong Kong/VM20146179/2020,EPI_ISL_2651172
hCoV-19/Hong Kong/VM20146609/2020,EPI_ISL_1914471
hCoV-19/Hong Kong/VM20146611/2020,EPI_ISL_1819149
hCoV-19/Hong Kong/VM20146612/2020,EPI_ISL_2226467
hCoV-19/Hong Kong/VM20146629/2020,EPI_ISL_1897327
hCoV-19/Hong Kong/VM20147029/2020,EPI_ISL_2450212
hCoV-19/Hong Kong/VM20146667/2020,EPI_ISL_2696936
hCoV-19/Hong Kong/VM20148027/2020,EPI_ISL_2625949
hCoV-19/Hong Kong/VM20149336/2020,EPI_ISL_1828761
hCoV-19/Hong Kong/VM20149334/2020,EPI_ISL_1914496
hCoV-19/Hong Kong/VM20149376/2020,EPI_ISL_1914556
hCoV-19/Hong Kong/VM20149166-1/2020,EPI_ISL_1914492
hCoV-19/Hong Kong/VM20149161/2020,EPI_ISL_1819088
hCoV-19/Hong Kong/VM20149375/2020,EPI_ISL_1914524
hCoV-19/Hong Kong/CM20000267/2020,EPI_ISL_1914551
hCoV-19/Hong Kong/VM20148296/2020,EPI_ISL_2644649
hCoV-19/Hong Kong/VB20239959/2020,EPI_ISL_1897350
hCoV-19/Hong Kong/VB20239988/2020,EPI_ISL_1761431
hCoV-19/Hong Kong/VM20148426/2020,EPI_ISL_2541358
hCoV-19/Hong Kong/VM20150584/2020,EPI_ISL_2180769
hCoV-19/Hong Kong/VM20150591/2020,EPI_ISL_2438589
hCoV-19/Hong Kong/VM20150604/2020,EPI_ISL_1914437
hCoV-19/Hong Kong/VM20152032/2020,EPI_ISL_2685936
hCoV-19/Hong Kong/VM20153750-1/2020,EPI_ISL_2625943
hCoV-19/Hong Kong/VM20153752/2020,EPI_ISL_1761420
hCoV-19/Hong Kong/VB20245514/2020,EPI_ISL_1914526
hCoV-19/Hong Kong/VB20245534/2020,EPI_ISL_1819183
hCoV-19/Hong Kong/VM20152069/2020,EPI_ISL_1914510
hCoV-19/Hong Kong/VM20153748/2020,EPI_ISL_1914568
hCoV-19/Hong Kong/VM20153747/2020,EPI_ISL_1914544
hCoV-19/Hong Kong/VM20154035/2020,EPI_ISL_1914491
hCoV-19/Hong Kong/CM20000284/2020,EPI_ISL_1749657
hCoV-19/Hong Kong/CM20000283/2020,EPI_ISL_1811327
hCoV-19/Hong Kong/VM20156374/2020,EPI_ISL_1930617
hCoV-19/Hong Kong/VM20156715/2020,EPI_ISL_2180779
hCoV-19/Hong Kong/VM20156899/2020,EPI_ISL_2651159
hCoV-19/Hong Kong/VM20161355/2020,EPI_ISL_2131594
hCoV-19/Hong Kong/VM20162801/2020,EPI_ISL_1819086
hCoV-19/Hong Kong/VM20162802/2020,EPI_ISL_2438550
hCoV-19/Hong Kong/VM20162808-1/2020,EPI_ISL_2651161
hCoV-19/Hong Kong/VM20163578/2020,EPI_ISL_2621787
hCoV-19/Hong Kong/VM20163599/2020,EPI_ISL_2685941
hCoV-19/Hong Kong/VM20163015/2020,EPI_ISL_2226487
hCoV-19/Hong Kong/VM20165968/2020,EPI_ISL_2180822
hCoV-19/Hong Kong/VM20163012/2020,EPI_ISL_1793821
hCoV-19/Hong Kong/VM20165549/2020,EPI_ISL_2625931
hCoV-19/Hong Kong/VM20163014/2020,EPI_ISL_2365379
hCoV-19/Hong Kong/VM20163008/2020,EPI_ISL_2142860
hCoV-19/Hong Kong/VM20163568/2020,EPI_ISL_2180770
hCoV-19/Hong Kong/VM20163576/2020,EPI_ISL_2671808
hCoV-19/Hong Kong/VM20162857/2020,EPI_ISL_2625934
hCoV-19/Hong Kong/VM20164598/2020,EPI_ISL_2180776
hCoV-19/Hong Kong/VM20163582/2020,EPI_ISL_2644638
hCoV-19/Hong Kong/VM20163583/2020,EPI_ISL_1811328
hCoV-19/Hong Kong/VM20164602/2020,EPI_ISL_1897321
hCoV-19/Hong Kong/VM20163585/2020,EPI_ISL_2671832
hCoV-19/Hong Kong/VM20163586/2020,EPI_ISL_2621807
hCoV-19/Hong Kong/VM20165969/2020,EPI_ISL_1819098
hCoV-19/Hong Kong/VM20165993/2020,EPI_ISL_2612437
hCoV-19/Hong Kong/VM20164595/2020,EPI_ISL_2131611
hCoV-19/Hong Kong/VM20164605/2020,EPI_ISL_2438582
hCoV-19/Hong Kong/VM20164599/2020,EPI_ISL_2142847
hCoV-19/Hong Kong/VM20165544/2020,EPI_ISL_1914445
hCoV-19/Hong Kong/VM20164596/2020,EPI_ISL_2631502
hCoV-19/Hong Kong/VM20164601/2020,EPI_ISL_1811348
hCoV-19/Hong Kong/VM20163598/2020,EPI_ISL_2142841
hCoV-19/Hong Kong/VM20165976/2020,EPI_ISL_1828765
hCoV-19/Hong Kong/VM20165130/2020,EPI_ISL_2450208
hCoV-19/Hong Kong/VM20164612/2020,EPI_ISL_1930664
hCoV-19/Hong Kong/VM20164600/2020,EPI_ISL_1930603
hCoV-19/Hong Kong/VM20164620/2020,EPI_ISL_1749632
hCoV-19/Hong Kong/VM20164610/2020,EPI_ISL_1930642
hCoV-19/Hong Kong/VM20164611/2020,EPI_ISL_1793795
hCoV-19/Hong Kong/VM20165982/2020,EPI_ISL_1718254
hCoV-19/Hong Kong/VM20165981/2020,EPI_ISL_2450183
hCoV-19/Hong Kong/VM20164621/2020,EPI_ISL_1897310
hCoV-19/Hong Kong/VM20164619/2020,EPI_ISL_1718272
hCoV-19/Hong Kong/VM20165985/2020,EPI_ISL_2671806
hCoV-19/Hong Kong/VM20165972/2020,EPI_ISL_2226455
hCoV-19/Hong Kong/VM20164608/2020,EPI_ISL_2142836
hCoV-19/Hong Kong/VM20164623/2020,EPI_ISL_2631534
hCoV-19/Hong Kong/VM20165973/2020,EPI_ISL_2604928
hCoV-19/Hong Kong/VM20165980/2020,EPI_ISL_2226453
hCoV-19/Hong Kong/VM20165987/2020,EPI_ISL_2625953
hCoV-19/Hong Kong/VM20164646/2020,EPI_ISL_1930619
hCoV-19/Hong Kong/VM20165548/2020,EPI_ISL_1819177
hCoV-19/Hong Kong/VM20164653/2020,EPI_ISL_2438592
hCoV-19/Hong Kong/VM20165979/2020,EPI_ISL_2450201
hCoV-19/Hong Kong/VM20166163/2020,EPI_ISL_1761432
hCoV-19/Hong Kong/VB20270049/2020,EPI_ISL_2696900
hCoV-19/Hong Kong/VB20270056/2020,EPI_ISL_2180819
hCoV-19/Hong Kong/VB20270096/2020,EPI_ISL_1930611
hCoV-19/Hong Kong/VB20270105/2020,EPI_ISL_2696914
hCoV-19/Hong Kong/VM20168620-1/2020,EPI_ISL_1819101
hCoV-19/Hong Kong/VM20168622/2020,EPI_ISL_2450218
hCoV-19/Hong Kong/VM20169276-1/2020,EPI_ISL_1819128
hCoV-19/Hong Kong/VM20168609/2020,EPI_ISL_2438583
hCoV-19/Hong Kong/VM20168601/2020,EPI_ISL_2131592
hCoV-19/Hong Kong/VM20168615/2020,EPI_ISL_2226489
hCoV-19/Hong Kong/VM20168638/2020,EPI_ISL_2598305
hCoV-19/Hong Kong/VM20168611/2020,EPI_ISL_1811357
hCoV-19/Hong Kong/VM20168630/2020,EPI_ISL_2625930
hCoV-19/Hong Kong/VM20168631/2020,EPI_ISL_2671787
hCoV-19/Hong Kong/VM20168624/2020,EPI_ISL_1819141
hCoV-19/Hong Kong/VM20168625/2020,EPI_ISL_2226459
hCoV-19/Hong Kong/VM20169258/2020,EPI_ISL_1930632
hCoV-19/Hong Kong/VM20169256/2020,EPI_ISL_2644634
hCoV-19/Hong Kong/VM20169255/2020,EPI_ISL_1930605
hCoV-19/Hong Kong/VM20774463/2020,EPI_ISL_2651193
hCoV-19/Hong Kong/VM20274459/2020,EPI_ISL_2631522
hCoV-19/Hong Kong/VB20274444/2020,EPI_ISL_2612436
hCoV-19/Hong Kong/VM20169263/2020,EPI_ISL_2180771
hCoV-19/Hong Kong/VM20169271/2020,EPI_ISL_1793809
hCoV-19/Hong Kong/VM20169275/2020,EPI_ISL_1761426
hCoV-19/Hong Kong/VM20169251/2020,EPI_ISL_2180759
hCoV-19/Hong Kong/VM20169267/2020,EPI_ISL_2621790
hCoV-19/Hong Kong/VM20169268/2020,EPI_ISL_1914439
hCoV-19/Hong Kong/VM20169270/2020,EPI_ISL_2604946
hCoV-19/Hong Kong/VM20169274/2020,EPI_ISL_2604947
hCoV-19/Hong Kong/VM20169266/2020,EPI_ISL_1761402
hCoV-19/Hong Kong/VM20169245/2020,EPI_ISL_2131579
hCoV-19/Hong Kong/VM20169249/2020,EPI_ISL_1897328
hCoV-19/Hong Kong/VM20168654/2020,EPI_ISL_2541445
hCoV-19/Hong Kong/VM20168621/2020,EPI_ISL_1819172
hCoV-19/Hong Kong/VM20169277/2020,EPI_ISL_1749656
hCoV-19/Hong Kong/VB20274498/2020,EPI_ISL_1749636
hCoV-19/Hong Kong/VM20169272/2020,EPI_ISL_2644615
hCoV-19/Hong Kong/VM20171143/2020,EPI_ISL_1718264
hCoV-19/Hong Kong/VM20171148/2020,EPI_ISL_1828729
hCoV-19/Hong Kong/VM20171145/2020,EPI_ISL_1793792
hCoV-19/Hong Kong/VM20171151/2020,EPI_ISL_1749646
hCoV-19/Hong Kong/VM20172098/2020,EPI_ISL_2598343
hCoV-19/Hong Kong/VM20172099/2020,EPI_ISL_2604931
hCoV-19/Hong Kong/VM20171162/2020,EPI_ISL_1819112
hCoV-19/Hong Kong/VM20171161/2020,EPI_ISL_2438558
hCoV-19/Hong Kong/VM20171126/2020,EPI_ISL_2621804
hCoV-19/Hong Kong/VM20171136/2020,EPI_ISL_1930629
hCoV-19/Hong Kong/VM2017113/2020,EPI_ISL_1819110
hCoV-19/Hong Kong/VM20171142/2020,EPI_ISL_2541437
hCoV-19/Hong Kong/VM20171124/2020,EPI_ISL_2450205
hCoV-19/Hong Kong/VM20171122/2020,EPI_ISL_2612411
hCoV-19/Hong Kong/VM20173657/2020,EPI_ISL_1828732
hCoV-19/Hong Kong/VM20171822/2020,EPI_ISL_1828747
hCoV-19/Hong Kong/VM20173118/2020,EPI_ISL_2131581
hCoV-19/Hong Kong/VM20173126/2020,EPI_ISL_2621813
hCoV-19/Hong Kong/VM20171472/2020,EPI_ISL_1930654
hCoV-19/Hong Kong/VM20171273/2020,EPI_ISL_1819093
hCoV-19/Hong Kong/VM20172100/2020,EPI_ISL_2541390
hCoV-19/Hong Kong/VM20172105/2020,EPI_ISL_1811345
hCoV-19/Hong Kong/VB20277142/2020,EPI_ISL_2477078
hCoV-19/Hong Kong/VM20174933/2020,EPI_ISL_1731053
hCoV-19/Hong Kong/VM20175509/2020,EPI_ISL_2696906
hCoV-19/Hong Kong/VM20176910/2020,EPI_ISL_2131574
hCoV-19/Hong Kong/VM20178374/2020,EPI_ISL_2365370
hCoV-19/Hong Kong/VB20288334/2020,EPI_ISL_1731065
hCoV-19/Hong Kong/VM20179325/2020,EPI_ISL_1793838
hCoV-19/Hong Kong/VM20179340/2020,EPI_ISL_1914452
hCoV-19/Hong Kong/VM20179342/2020,EPI_ISL_2631509
hCoV-19/Hong Kong/VB20288917/2020,EPI_ISL_2625932
hCoV-19/Hong Kong/VB20288920/2020,EPI_ISL_1761425
hCoV-19/Hong Kong/VM20180503/2020,EPI_ISL_2681031
hCoV-19/Hong Kong/VM20181101/2020,EPI_ISL_2625950
hCoV-19/Hong Kong/VM20182120/2020,EPI_ISL_1811346
hCoV-19/Hong Kong/VM20183076/2020,EPI_ISL_2142876
hCoV-19/Hong Kong/VM20183470/2020,EPI_ISL_2131606
hCoV-19/Hong Kong/VM20183505/2020,EPI_ISL_2180768
hCoV-19/Hong Kong/VM20183514/2020,EPI_ISL_2696929
hCoV-19/Hong Kong/VM20183504/2020,EPI_ISL_2477028
hCoV-19/Hong Kong/VM20183501/2020,EPI_ISL_1930641
hCoV-19/Hong Kong/VM20183999/2020,EPI_ISL_1761437
hCoV-19/Hong Kong/VM20183984/2020,EPI_ISL_1819179
hCoV-19/Hong Kong/VM20184011/2020,EPI_ISL_2604933
hCoV-19/Hong Kong/VM20184017/2020,EPI_ISL_2180762
hCoV-19/Hong Kong/VM20183980/2020,EPI_ISL_2671826
hCoV-19/Hong Kong/VM20183981/2020,EPI_ISL_2541442
hCoV-19/Hong Kong/VQ20001664/2020,EPI_ISL_1828740
hCoV-19/Hong Kong/VM20184797/2020,EPI_ISL_2685946
hCoV-19/Hong Kong/VM20184790/2020,EPI_ISL_2604944
hCoV-19/Hong Kong/VM20184780/2020,EPI_ISL_2226482
hCoV-19/Hong Kong/VQ20001754/2020,EPI_ISL_1897308
hCoV-19/Hong Kong/VB20297945/2020,EPI_ISL_1930624
hCoV-19/Hong Kong/VM20185414/2020,EPI_ISL_1930649
hCoV-19/Hong Kong/VM20185391/2020,EPI_ISL_2180805
hCoV-19/Hong Kong/VM20185399/2020,EPI_ISL_2625948
hCoV-19/Hong Kong/VB20298534/2020,EPI_ISL_2681008
hCoV-19/Hong Kong/VQ20001847/2020,EPI_ISL_2671815
hCoV-19/Hong Kong/VM20185750/2020,EPI_ISL_2671818
hCoV-19/Hong Kong/VB20300431/2020,EPI_ISL_1811336
hCoV-19/Hong Kong/VB20300471/2020,EPI_ISL_2604943
hCoV-19/Hong Kong/VM20185760/2020,EPI_ISL_1793832
hCoV-19/Hong Kong/VB20299920/2020,EPI_ISL_1914489
hCoV-19/Hong Kong/VM20185724/2020,EPI_ISL_2604920
hCoV-19/Hong Kong/VM20185770/2020,EPI_ISL_2541426
hCoV-19/Hong Kong/VM20186034/2020,EPI_ISL_1914546
hCoV-19/Hong Kong/VM20185772/2020,EPI_ISL_1914465
hCoV-19/Hong Kong/VB20301122/2020,EPI_ISL_1718265
hCoV-19/Hong Kong/VB20301037/2020,EPI_ISL_2226480
hCoV-19/Hong Kong/VB20300826/2020,EPI_ISL_2625936
hCoV-19/Hong Kong/VB20300959/2020,EPI_ISL_1793835
hCoV-19/Hong Kong/CM20000424-1/2020,EPI_ISL_1914522
hCoV-19/Hong Kong/CM20000427-1/2020,EPI_ISL_1793836
hCoV-19/Hong Kong/VM20186406/2020,EPI_ISL_2651179
hCoV-19/Hong Kong/VM20186409/2020,EPI_ISL_2365387
hCoV-19/Hong Kong/VM20186418/2020,EPI_ISL_2621806
hCoV-19/Hong Kong/VM20186435/2020,EPI_ISL_2685908
hCoV-19/Hong Kong/VM20186433/2020,EPI_ISL_2180801
hCoV-19/Hong Kong/VM20186447/2020,EPI_ISL_1897301
hCoV-19/Hong Kong/VM20186441/2020,EPI_ISL_2625942
hCoV-19/Hong Kong/VM20186440/2020,EPI_ISL_2450219
hCoV-19/Hong Kong/VM20186422/2020,EPI_ISL_1793825
hCoV-19/Hong Kong/VM20186445/2020,EPI_ISL_2131613
hCoV-19/Hong Kong/VM20186443/2020,EPI_ISL_2604954
hCoV-19/Hong Kong/VM20186473/2020,EPI_ISL_2604914
hCoV-19/Hong Kong/VM20186450/2020,EPI_ISL_1761410
hCoV-19/Hong Kong/VM20186448/2020,EPI_ISL_2131587
hCoV-19/Hong Kong/VM20186846/2020,EPI_ISL_1828775
hCoV-19/Hong Kong/VB20303036/2020,EPI_ISL_2365371
hCoV-19/Hong Kong/VM20187303/2020,EPI_ISL_1819174
hCoV-19/Hong Kong/VM20187315/2020,EPI_ISL_2681010
hCoV-19/Hong Kong/VM20187302/2020,EPI_ISL_2621819
hCoV-19/Hong Kong/VM20187323/2020,EPI_ISL_2604923
hCoV-19/Hong Kong/VM20187306/2020,EPI_ISL_1793797
hCoV-19/Hong Kong/VB20304076/2020,EPI_ISL_1828741
hCoV-19/Hong Kong/VM20187344/2020,EPI_ISL_2131614
hCoV-19/Hong Kong/VM20187350/2020,EPI_ISL_1828730
hCoV-19/Hong Kong/VM20187346/2020,EPI_ISL_1914458
hCoV-19/Hong Kong/VM20187349/2020,EPI_ISL_1819147
hCoV-19/Hong Kong/VM20187351/2020,EPI_ISL_2226469
hCoV-19/Hong Kong/VM20187370/2020,EPI_ISL_1811366
hCoV-19/Hong Kong/VM20187394/2020,EPI_ISL_2651185
hCoV-19/Hong Kong/VM20187353/2020,EPI_ISL_1793800
hCoV-19/Hong Kong/VM20187352/2020,EPI_ISL_1819170
hCoV-19/Hong Kong/VB20304975/2020,EPI_ISL_1914563
hCoV-19/Hong Kong/VM20187359/2020,EPI_ISL_1761448
hCoV-19/Hong Kong/VM20187358/2020,EPI_ISL_1761440
hCoV-19/Hong Kong/VM20187357/2020,EPI_ISL_1761424
hCoV-19/Hong Kong/VM20187650/2020,EPI_ISL_1914570
hCoV-19/Hong Kong/VM20187651/2020,EPI_ISL_1914430
hCoV-19/Hong Kong/VB20306163/2020,EPI_ISL_2365364
hCoV-19/Hong Kong/VQ20002224/2020,EPI_ISL_2631531
hCoV-19/Hong Kong/VQ20002209/2020,EPI_ISL_2651178
hCoV-19/Hong Kong/VM20188817/2020,EPI_ISL_2438559
hCoV-19/Hong Kong/VM20188867/2020,EPI_ISL_2142866
hCoV-19/Hong Kong/VM20188840/2020,EPI_ISL_2438574
hCoV-19/Hong Kong/VM20189132/2020,EPI_ISL_1914560
hCoV-19/Hong Kong/CM20000444-1/2020,EPI_ISL_1793841
hCoV-19/Hong Kong/VM20189534/2020,EPI_ISL_2450194
hCoV-19/Hong Kong/VM20189550/2020,EPI_ISL_2651177
hCoV-19/Hong Kong/VM20190031/2020,EPI_ISL_1897338
hCoV-19/Hong Kong/VM20190052/2020,EPI_ISL_2680990
hCoV-19/Hong Kong/VM20190074/2020,EPI_ISL_2671820
hCoV-19/Hong Kong/CM20000461-1/2020,EPI_ISL_1914498
hCoV-19/Hong Kong/VB20314837/2020,EPI_ISL_2604937
hCoV-19/Hong Kong/VM20190789/2020,EPI_ISL_1793833
hCoV-19/Hong Kong/VM20191503/2020,EPI_ISL_2131603
hCoV-19/Hong Kong/VM20191741/2020,EPI_ISL_1828756
hCoV-19/Hong Kong/VM20192037/2020,EPI_ISL_1828736
hCoV-19/Hong Kong/VM20192502/2020,EPI_ISL_2438591
hCoV-19/Hong Kong/VB20325802/2020,EPI_ISL_1819094
hCoV-19/Hong Kong/VM20193204/2020,EPI_ISL_1914484
hCoV-19/Hong Kong/VQ20002986/2020,EPI_ISL_2631498
hCoV-19/Hong Kong/VM20193614/2020,EPI_ISL_1793819
hCoV-19/Hong Kong/VM20193659/2020,EPI_ISL_2438570
hCoV-19/Hong Kong/VM20193653/2020,EPI_ISL_1914475
hCoV-19/Hong Kong/VM20193654/2020,EPI_ISL_1914449
hCoV-19/Hong Kong/VM20193657/2020,EPI_ISL_2644620
hCoV-19/Hong Kong/VM20193655/2020,EPI_ISL_1914461
hCoV-19/Hong Kong/VB20329247/2020,EPI_ISL_1914517
hCoV-19/Hong Kong/VM20193891/2020,EPI_ISL_1819121
hCoV-19/Hong Kong/VM20193892/2020,EPI_ISL_1914516
hCoV-19/Hong Kong/VM20194108/2020,EPI_ISL_1828757
hCoV-19/Hong Kong/VM20194110/2020,EPI_ISL_1819091
hCoV-19/Hong Kong/VM20194109/2020,EPI_ISL_1914503
hCoV-19/Hong Kong/VM20194433/2020,EPI_ISL_1761417
hCoV-19/Hong Kong/VM20194436/2020,EPI_ISL_1828744
hCoV-19/Hong Kong/VM20194997-1/2020,EPI_ISL_2631538
hCoV-19/Hong Kong/VM20194999-1/2020,EPI_ISL_2696910
hCoV-19/Hong Kong/VM20195030/2020,EPI_ISL_1914519
hCoV-19/Hong Kong/VM20195031/2020,EPI_ISL_1914566
hCoV-19/Hong Kong/VM20195199/2020,EPI_ISL_1914494
hCoV-19/Hong Kong/VQ20003419/2020,EPI_ISL_1819090
hCoV-19/Hong Kong/VM20196067/2020,EPI_ISL_1914540
hCoV-19/Hong Kong/VM20196066/2020,EPI_ISL_1914525
hCoV-19/Hong Kong/VB20341189/2020,EPI_ISL_2450210
hCoV-19/Hong Kong/VM20196332/2020,EPI_ISL_1811353
hCoV-19/Hong Kong/VM20196352/2020,EPI_ISL_2685902
hCoV-19/Hong Kong/VM20196356/2020,EPI_ISL_2612427
hCoV-19/Hong Kong/VM20196354/2020,EPI_ISL_2612443
hCoV-19/Hong Kong/VM20196355/2020,EPI_ISL_1761407
hCoV-19/Hong Kong/VM20196357/2020,EPI_ISL_2131576
hCoV-19/Hong Kong/VM20196348/2020,EPI_ISL_1718274
hCoV-19/Hong Kong/VM20196349/2020,EPI_ISL_2612452
hCoV-19/Hong Kong/VM20196360/2020,EPI_ISL_2450213
hCoV-19/Hong Kong/VQ20003561/2020,EPI_ISL_2131598
hCoV-19/Hong Kong/VM20196505/2020,EPI_ISL_2681005
hCoV-19/Hong Kong/VM20196507/2020,EPI_ISL_2671819
hCoV-19/Hong Kong/VM20196504/2020,EPI_ISL_2541397
hCoV-19/Hong Kong/VM20196509/2020,EPI_ISL_1897329
hCoV-19/Hong Kong/VM20196508/2020,EPI_ISL_2180800
hCoV-19/Hong Kong/VM20196506/2020,EPI_ISL_1749671
hCoV-19/Hong Kong/VM20196535/2020,EPI_ISL_1819152
hCoV-19/Hong Kong/VM20196545/2020,EPI_ISL_2477016
hCoV-19/Hong Kong/VM20196539/2020,EPI_ISL_2612418
hCoV-19/Hong Kong/VM20196541/2020,EPI_ISL_1897320
hCoV-19/Hong Kong/VM20196546/2020,EPI_ISL_1793830
hCoV-19/Hong Kong/VM20196553/2020,EPI_ISL_1819176
hCoV-19/Hong Kong/VM20196552/2020,EPI_ISL_1819120
hCoV-19/Hong Kong/VM20196592/2020,EPI_ISL_2681018
hCoV-19/Hong Kong/VM20196551/2020,EPI_ISL_2477023
hCoV-19/Hong Kong/VM20196588/2020,EPI_ISL_2612444
hCoV-19/Hong Kong/VM20196619/2020,EPI_ISL_2671796
hCoV-19/Hong Kong/VM20196643/2020,EPI_ISL_2612442
hCoV-19/Hong Kong/VM20196624/2020,EPI_ISL_2131615
hCoV-19/Hong Kong/VM20196634/2020,EPI_ISL_2644639
hCoV-19/Hong Kong/VM20196633/2020,EPI_ISL_2696904
hCoV-19/Hong Kong/VM20196632/2020,EPI_ISL_2541376
hCoV-19/Hong Kong/VM20196642/2020,EPI_ISL_2696902
hCoV-19/Hong Kong/VM20196638/2020,EPI_ISL_2438579
hCoV-19/Hong Kong/VQ20003794/2020,EPI_ISL_2612419
hCoV-19/Hong Kong/VQ20003793/2020,EPI_ISL_2226471
hCoV-19/Hong Kong/VQ20003788/2020,EPI_ISL_1897309
hCoV-19/Hong Kong/VQ20003787/2020,EPI_ISL_1819182
hCoV-19/Hong Kong/VM20196571/2020,EPI_ISL_2180811
hCoV-19/Hong Kong/VM20196646/2020,EPI_ISL_1914564
hCoV-19/Hong Kong/VM20196649/2020,EPI_ISL_2651176
hCoV-19/Hong Kong/CH20186398/2020,EPI_ISL_1914507
hCoV-19/Hong Kong/CH20186399/2020,EPI_ISL_1914554
hCoV-19/Hong Kong/VM20197035/2020,EPI_ISL_2541367
hCoV-19/Hong Kong/VM20197025/2020,EPI_ISL_1819085
hCoV-19/Hong Kong/VM20197023/2020,EPI_ISL_2142854
hCoV-19/Hong Kong/VM20197038/2020,EPI_ISL_2450216
hCoV-19/Hong Kong/VM20197049/2020,EPI_ISL_2604913
hCoV-19/Hong Kong/VM20197047/2020,EPI_ISL_2625945
hCoV-19/Hong Kong/VM20197048/2020,EPI_ISL_2612446
hCoV-19/Hong Kong/VM20197057/2020,EPI_ISL_1914477
hCoV-19/Hong Kong/VM20197060/2020,EPI_ISL_1819131
hCoV-19/Hong Kong/VM20197058/2020,EPI_ISL_1914529
hCoV-19/Hong Kong/VM20197212/2020,EPI_ISL_2681024
hCoV-19/Hong Kong/VM21005671/2020,EPI_ISL_1914435
hCoV-19/Hong Kong/CH20187246/2020,EPI_ISL_2631532
hCoV-19/Hong Kong/VM20197617/2020,EPI_ISL_1819166
hCoV-19/Hong Kong/VM20197583/2020,EPI_ISL_2450179
hCoV-19/Hong Kong/VM20197599/2020,EPI_ISL_1718275
hCoV-19/Hong Kong/VM20197652/2020,EPI_ISL_2631514
hCoV-19/Hong Kong/CH20187442/2021,EPI_ISL_2681011
hCoV-19/Hong Kong/VM20197996/2021,EPI_ISL_2604922
hCoV-19/Hong Kong/VM21000084/2021,EPI_ISL_2226468
hCoV-19/Hong Kong/VM21000100/2021,EPI_ISL_1819139
hCoV-19/Hong Kong/VM21000100/2021,EPI_ISL_1819139
hCoV-19/Hong Kong/VM21000101/2021,EPI_ISL_2365367
hCoV-19/Hong Kong/VQ21000158/2021,EPI_ISL_2438560
hCoV-19/Hong Kong/VM21000235/2021,EPI_ISL_2631508
hCoV-19/Hong Kong/CH21000429/2021,EPI_ISL_2685906
hCoV-19/Hong Kong/CH21000475/2021,EPI_ISL_2631540
hCoV-19/Hong Kong/CH21000413/2021,EPI_ISL_2631530
hCoV-19/Hong Kong/CH21000640/2021,EPI_ISL_2365402
hCoV-19/Hong Kong/CH21000646/2021,EPI_ISL_2598329
hCoV-19/Hong Kong/CH21000614/2021,EPI_ISL_2621796
hCoV-19/Hong Kong/VM21000260/2021,EPI_ISL_1930622
hCoV-19/Hong Kong/VM21000243/2021,EPI_ISL_1811356
hCoV-19/Hong Kong/VM21000259/2021,EPI_ISL_1819162
hCoV-19/Hong Kong/VM21000272/2021,EPI_ISL_2450202
hCoV-19/Hong Kong/VM21000267/2021,EPI_ISL_2651168
hCoV-19/Hong Kong/VM21000266/2021,EPI_ISL_2625947
hCoV-19/Hong Kong/VM21000273/2021,EPI_ISL_1914448
hCoV-19/Hong Kong/VM21000268/2021,EPI_ISL_1828773
hCoV-19/Hong Kong/VM21000265/2021,EPI_ISL_2625952
hCoV-19/Hong Kong/VM21000269/2021,EPI_ISL_1897333
hCoV-19/Hong Kong/VM21000261/2021,EPI_ISL_2625970
hCoV-19/Hong Kong/VM21000357/2021,EPI_ISL_1819095
hCoV-19/Hong Kong/VM21000358/2021,EPI_ISL_2438597
hCoV-19/Hong Kong/VM21000356/2021,EPI_ISL_1761404
hCoV-19/Hong Kong/VM21000250/2021,EPI_ISL_1914499
hCoV-19/Hong Kong/VM21000252/2021,EPI_ISL_2598328
hCoV-19/Hong Kong/VM21000239/2021,EPI_ISL_1930614
hCoV-19/Hong Kong/VM21000237/2021,EPI_ISL_2621784
hCoV-19/Hong Kong/CH21001320/2021,EPI_ISL_2631500
hCoV-19/Hong Kong/CM21000012/2021,EPI_ISL_1914532
hCoV-19/Hong Kong/VM21000368/2021,EPI_ISL_2671805
hCoV-19/Hong Kong/VM21000363/2021,EPI_ISL_2644619
hCoV-19/Hong Kong/VM21000364/2021,EPI_ISL_1914462
hCoV-19/Hong Kong/VM21000366/2021,EPI_ISL_1731058
hCoV-19/Hong Kong/VM21000370/2021,EPI_ISL_2226464
hCoV-19/Hong Kong/VM21000376/2021,EPI_ISL_1819103
hCoV-19/Hong Kong/VM21000369/2021,EPI_ISL_1749626
hCoV-19/Hong Kong/VM21000367/2021,EPI_ISL_2621822
hCoV-19/Hong Kong/VQ21000555/2021,EPI_ISL_2644623
hCoV-19/Hong Kong/VQ21000554/2021,EPI_ISL_2180814
hCoV-19/Hong Kong/VM21000750/2021,EPI_ISL_2671830
hCoV-19/Hong Kong/VQ21000553/2021,EPI_ISL_2450187
hCoV-19/Hong Kong/VM21000384/2021,EPI_ISL_1897312
hCoV-19/Hong Kong/VM21000385/2021,EPI_ISL_2598320
hCoV-19/Hong Kong/VM21000389/2021,EPI_ISL_2541420
hCoV-19/Hong Kong/VM21000388/2021,EPI_ISL_2450181
hCoV-19/Hong Kong/VM21000731/2021,EPI_ISL_1897305
hCoV-19/Hong Kong/VM21000740/2021,EPI_ISL_2651160
hCoV-19/Hong Kong/VM21000732/2021,EPI_ISL_2226470
hCoV-19/Hong Kong/VM21000749/2021,EPI_ISL_1819185
hCoV-19/Hong Kong/CH21001371/2021,EPI_ISL_1749643
hCoV-19/Hong Kong/VM21000744/2021,EPI_ISL_1731052
hCoV-19/Hong Kong/VM21000745/2021,EPI_ISL_2450193
hCoV-19/Hong Kong/VM21000728/2021,EPI_ISL_1811361
hCoV-19/Hong Kong/VM21000722/2021,EPI_ISL_1761428
hCoV-19/Hong Kong/VM21000723/2021,EPI_ISL_2365373
hCoV-19/Hong Kong/CM21000014/2021,EPI_ISL_1718270
hCoV-19/Hong Kong/CH21002083/2021,EPI_ISL_2604927
hCoV-19/Hong Kong/CH21002087/2021,EPI_ISL_1718281
hCoV-19/Hong Kong/CH21002085/2021,EPI_ISL_1811322
hCoV-19/Hong Kong/CM21000019/2021,EPI_ISL_1914537
hCoV-19/Hong Kong/VM21001108/2021,EPI_ISL_2696934
hCoV-19/Hong Kong/VM21001102/2021,EPI_ISL_1819117
hCoV-19/Hong Kong/VM21001103/2021,EPI_ISL_2651169
hCoV-19/Hong Kong/CH21002062/2021,EPI_ISL_2598321
hCoV-19/Hong Kong/CH21002048/2021,EPI_ISL_2477050
hCoV-19/Hong Kong/CH21002049/2021,EPI_ISL_2685919
hCoV-19/Hong Kong/CH21002063/2021,EPI_ISL_2644637
hCoV-19/Hong Kong/CH21002065/2021,EPI_ISL_2450200
hCoV-19/Hong Kong/CH21002066/2021,EPI_ISL_1731062
hCoV-19/Hong Kong/CH21002115/2021,EPI_ISL_2541423
hCoV-19/Hong Kong/CM21000015/2021,EPI_ISL_1914509
hCoV-19/Hong Kong/CH21002192/2021,EPI_ISL_2671809
hCoV-19/Hong Kong/CH21002251/2021,EPI_ISL_2625971
hCoV-19/Hong Kong/CH21002164/2021,EPI_ISL_2631501
hCoV-19/Hong Kong/CM21000020/2021,EPI_ISL_1828742
hCoV-19/Hong Kong/CH21002452/2021,EPI_ISL_1761405
hCoV-19/Hong Kong/CM21000021/2021,EPI_ISL_1914523
hCoV-19/Hong Kong/VM21001394/2021,EPI_ISL_2671795
hCoV-19/Hong Kong/VM21001490/2021,EPI_ISL_1914511
hCoV-19/Hong Kong/CM21000029/2021,EPI_ISL_2180816
hCoV-19/Hong Kong/CM21000028/2021,EPI_ISL_2696921
hCoV-19/Hong Kong/CM21000027/2021,EPI_ISL_2438551
hCoV-19/Hong Kong/CM21000031/2021,EPI_ISL_1914485
hCoV-19/Hong Kong/VM21001893/2021,EPI_ISL_1819136
hCoV-19/Hong Kong/VM21001895/2021,EPI_ISL_1828772
hCoV-19/Hong Kong/VM21001897/2021,EPI_ISL_2651189
hCoV-19/Hong Kong/VM21002170/2021,EPI_ISL_1718260
hCoV-19/Hong Kong/VM21002095/2021,EPI_ISL_2612431
hCoV-19/Hong Kong/VM21002098/2021,EPI_ISL_2541461
hCoV-19/Hong Kong/VM21002102/2021,EPI_ISL_2651166
hCoV-19/Hong Kong/VM21002093/2021,EPI_ISL_1749628
hCoV-19/Hong Kong/VM21002150/2021,EPI_ISL_2477072
hCoV-19/Hong Kong/VM21002151/2021,EPI_ISL_2477026
hCoV-19/Hong Kong/VM21002161/2021,EPI_ISL_1793813
hCoV-19/Hong Kong/VM21002162/2021,EPI_ISL_2681023
hCoV-19/Hong Kong/VM21002204/2021,EPI_ISL_1749630
hCoV-19/Hong Kong/VM21002166/2021,EPI_ISL_2541453
hCoV-19/Hong Kong/VM21002200/2021,EPI_ISL_1761433
hCoV-19/Hong Kong/VM21002207/2021,EPI_ISL_2651188
hCoV-19/Hong Kong/VM21002175/2021,EPI_ISL_2681021
hCoV-19/Hong Kong/VM21002164/2021,EPI_ISL_2450184
hCoV-19/Hong Kong/VM21002169/2021,EPI_ISL_2180778
hCoV-19/Hong Kong/VM21002171/2021,EPI_ISL_2612430
hCoV-19/Hong Kong/VM21002172/2021,EPI_ISL_2365386
hCoV-19/Hong Kong/VM21002181/2021,EPI_ISL_2450185
hCoV-19/Hong Kong/VM21002185/2021,EPI_ISL_2131600
hCoV-19/Hong Kong/VM21002186/2021,EPI_ISL_2651201
hCoV-19/Hong Kong/VM21002187/2021,EPI_ISL_1914436
hCoV-19/Hong Kong/VM21002199/2021,EPI_ISL_1897330
hCoV-19/Hong Kong/VM21002201/2021,EPI_ISL_2671786
hCoV-19/Hong Kong/VM21002205/2021,EPI_ISL_1749649
hCoV-19/Hong Kong/VM21002190/2021,EPI_ISL_1793840
hCoV-19/Hong Kong/CH21003658/2021,EPI_ISL_2625939
hCoV-19/Hong Kong/VB21002045/2021,EPI_ISL_2696920
hCoV-19/Hong Kong/VB21002047/2021,EPI_ISL_1930647
hCoV-19/Hong Kong/VM21002297/2021,EPI_ISL_2365390
hCoV-19/Hong Kong/VM21002295/2021,EPI_ISL_2644646
hCoV-19/Hong Kong/VM21002292/2021,EPI_ISL_1819114
hCoV-19/Hong Kong/CH21004202/2021,EPI_ISL_1811320
hCoV-19/Hong Kong/VM21002736/2021,EPI_ISL_1749647
hCoV-19/Hong Kong/VM21003121/2021,EPI_ISL_2681006
hCoV-19/Hong Kong/VM21003132/2021,EPI_ISL_2604956
hCoV-19/Hong Kong/VM21003126/2021,EPI_ISL_1930610
hCoV-19/Hong Kong/CH21006022/2021,EPI_ISL_2226466
hCoV-19/Hong Kong/VM21003360/2021,EPI_ISL_1749631
hCoV-19/Hong Kong/VM21003477/2021,EPI_ISL_1914427
hCoV-19/Hong Kong/VM21003473/2021,EPI_ISL_1793812
hCoV-19/Hong Kong/CH21006331/2021,EPI_ISL_2696905
hCoV-19/Hong Kong/CM21006550/2021,EPI_ISL_1761401
hCoV-19/Hong Kong/VM21003642/2021,EPI_ISL_2226484
hCoV-19/Hong Kong/VQ21002729/2021,EPI_ISL_2625962
hCoV-19/Hong Kong/CM21000044/2021,EPI_ISL_1897307
hCoV-19/Hong Kong/CM21000045/2021,EPI_ISL_1914552
hCoV-19/Hong Kong/VM21003798/2021,EPI_ISL_2131608
hCoV-19/Hong Kong/VM21003913/2021,EPI_ISL_2612439
hCoV-19/Hong Kong/VM21003944/2021,EPI_ISL_2644624
hCoV-19/Hong Kong/VM21003919/2021,EPI_ISL_2621785
hCoV-19/Hong Kong/VM21003917/2021,EPI_ISL_2631511
hCoV-19/Hong Kong/VM21003914/2021,EPI_ISL_2680991
hCoV-19/Hong Kong/VM21003950/2021,EPI_ISL_2180803
hCoV-19/Hong Kong/VM21003845/2021,EPI_ISL_2651173
hCoV-19/Hong Kong/VM21003946/2021,EPI_ISL_2651196
hCoV-19/Hong Kong/VM21003949/2021,EPI_ISL_2685930
hCoV-19/Hong Kong/VM21003828/2021,EPI_ISL_1897317
hCoV-19/Hong Kong/VM21003943/2021,EPI_ISL_2450196
hCoV-19/Hong Kong/VM21004248/2021,EPI_ISL_2438565
hCoV-19/Hong Kong/VM21003915/2021,EPI_ISL_2671813
hCoV-19/Hong Kong/VM21003948/2021,EPI_ISL_2612438
hCoV-19/Hong Kong/VM21003923/2021,EPI_ISL_1793806
hCoV-19/Hong Kong/VM21003910/2021,EPI_ISL_2696930
hCoV-19/Hong Kong/VM21003947/2021,EPI_ISL_2541451
hCoV-19/Hong Kong/VM21003951/2021,EPI_ISL_1718250
hCoV-19/Hong Kong/VM21003940/2021,EPI_ISL_2142850
hCoV-19/Hong Kong/VM21003942/2021,EPI_ISL_2612423
hCoV-19/Hong Kong/VM21003941/2021,EPI_ISL_2644617
hCoV-19/Hong Kong/VM21003969/2021,EPI_ISL_1793837
hCoV-19/Hong Kong/VM21003953/2021,EPI_ISL_1819123
hCoV-19/Hong Kong/VM21003952/2021,EPI_ISL_1897306
hCoV-19/Hong Kong/VM21003995/2021,EPI_ISL_2365382
hCoV-19/Hong Kong/VM21004252/2021,EPI_ISL_2651170
hCoV-19/Hong Kong/VM21003987/2021,EPI_ISL_2696901
hCoV-19/Hong Kong/VM21003986/2021,EPI_ISL_2681017
hCoV-19/Hong Kong/VM21003963/2021,EPI_ISL_2612432
hCoV-19/Hong Kong/VM21004244/2021,EPI_ISL_1819096
hCoV-19/Hong Kong/VM21003996/2021,EPI_ISL_1749641
hCoV-19/Hong Kong/VM21004249/2021,EPI_ISL_2477066
hCoV-19/Hong Kong/VM21004073/2021,EPI_ISL_2438554
hCoV-19/Hong Kong/VM21004266/2021,EPI_ISL_1930639
hCoV-19/Hong Kong/VM21004247/2021,EPI_ISL_1897304
hCoV-19/Hong Kong/VM21004241/2021,EPI_ISL_2598318
hCoV-19/Hong Kong/VM21004240/2021,EPI_ISL_2644629
hCoV-19/Hong Kong/VM21004262/2021,EPI_ISL_2598331
hCoV-19/Hong Kong/VM21004265/2021,EPI_ISL_1761408
hCoV-19/Hong Kong/VM21004263/2021,EPI_ISL_2651181
hCoV-19/Hong Kong/VM21004246/2021,EPI_ISL_1897326
hCoV-19/Hong Kong/VM21004250/2021,EPI_ISL_2621824
hCoV-19/Hong Kong/VM21004242/2021,EPI_ISL_2621818
hCoV-19/Hong Kong/VM21004264/2021,EPI_ISL_1897345
hCoV-19/Hong Kong/VM21004251/2021,EPI_ISL_1811344
hCoV-19/Hong Kong/VM21004245/2021,EPI_ISL_2180765
hCoV-19/Hong Kong/VM21004273/2021,EPI_ISL_2696918
hCoV-19/Hong Kong/VM21004283/2021,EPI_ISL_1793814
hCoV-19/Hong Kong/VM21004281/2021,EPI_ISL_2621788
hCoV-19/Hong Kong/VM21004287/2021,EPI_ISL_2226495
hCoV-19/Hong Kong/VM21004383/2021,EPI_ISL_1793804
hCoV-19/Hong Kong/VM21004381/2021,EPI_ISL_2365395
hCoV-19/Hong Kong/VM21004612/2021,EPI_ISL_1828752
hCoV-19/Hong Kong/CM21000050/2021,EPI_ISL_1828774
hCoV-19/Hong Kong/CM21000055/2021,EPI_ISL_1914548
hCoV-19/Hong Kong/VQ21003791/2021,EPI_ISL_1914453
hCoV-19/Hong Kong/CH21008537/2021,EPI_ISL_2644648
hCoV-19/Hong Kong/VM21004634/2021,EPI_ISL_2685923
hCoV-19/Hong Kong/VM21004633/2021,EPI_ISL_2477077
hCoV-19/Hong Kong/VM21004632/2021,EPI_ISL_2612441
hCoV-19/Hong Kong/VM21004630/2021,EPI_ISL_2631523
hCoV-19/Hong Kong/VM21004635/2021,EPI_ISL_2142859
hCoV-19/Hong Kong/VM21004637/2021,EPI_ISL_2671807
hCoV-19/Hong Kong/VM21005664/2021,EPI_ISL_2621808
hCoV-19/Hong Kong/VM21004685/2021,EPI_ISL_2631524
hCoV-19/Hong Kong/CM21000063/2021,EPI_ISL_1914527
hCoV-19/Hong Kong/CM21000064/2021,EPI_ISL_1914574
hCoV-19/Hong Kong/VB21003685/2021,EPI_ISL_2142864
hCoV-19/Hong Kong/VM21005193/2021,EPI_ISL_2621827
hCoV-19/Hong Kong/VM21005445/2021,EPI_ISL_2541387
hCoV-19/Hong Kong/VM21005449/2021,EPI_ISL_1793808
hCoV-19/Hong Kong/VM21005670/2021,EPI_ISL_2604950
hCoV-19/Hong Kong/VM21005673/2021,EPI_ISL_2651192
hCoV-19/Hong Kong/VM21005681/2021,EPI_ISL_2685907
hCoV-19/Hong Kong/VM21005662/2021,EPI_ISL_1749644
hCoV-19/Hong Kong/VM21005668/2021,EPI_ISL_1828768
hCoV-19/Hong Kong/VM21005665/2021,EPI_ISL_1731061
hCoV-19/Hong Kong/VM21005683/2021,EPI_ISL_2612412
hCoV-19/Hong Kong/VM21005679/2021,EPI_ISL_1914473
hCoV-19/Hong Kong/VM21005661/2021,EPI_ISL_2365375
hCoV-19/Hong Kong/VM21005677/2021,EPI_ISL_2685913
hCoV-19/Hong Kong/VM21005682/2021,EPI_ISL_2612425
hCoV-19/Hong Kong/VM21005672/2021,EPI_ISL_2598307
hCoV-19/Hong Kong/VM21005678/2021,EPI_ISL_2685901
hCoV-19/Hong Kong/VM21005552/2021,EPI_ISL_2477040
hCoV-19/Hong Kong/VM21005688/2021,EPI_ISL_1749645
hCoV-19/Hong Kong/VM21005687/2021,EPI_ISL_1793802
hCoV-19/Hong Kong/VM21005680/2021,EPI_ISL_2142851
hCoV-19/Hong Kong/VQ21005616/2021,EPI_ISL_1749634
hCoV-19/Hong Kong/VM21005787/2021,EPI_ISL_2604942
hCoV-19/Hong Kong/VM21005808/2021,EPI_ISL_2477056
hCoV-19/Hong Kong/VM21005814/2021,EPI_ISL_2604925
hCoV-19/Hong Kong/VQ21006205/2021,EPI_ISL_2131590
hCoV-19/Hong Kong/VM21006047/2021,EPI_ISL_2477063
hCoV-19/Hong Kong/VM21005878/2021,EPI_ISL_2450195
hCoV-19/Hong Kong/VM21005879/2021,EPI_ISL_2671790
hCoV-19/Hong Kong/VM21005881/2021,EPI_ISL_2644640
hCoV-19/Hong Kong/CM21000089/2021,EPI_ISL_1897324